block in append_cflags: checking for whether -std=c99 is accepted as CFLAGS... -------------------- yes

PATH=".;C:/Ruby31/lib;C:\Ruby31\bin;C:\Ruby31\msys32\mingw32\bin;C:\Ruby31\msys32\usr\bin;c:\program files\imagemagick-7.1.0-q16-hdri;c:\program files\nvidia gpu computing toolkit\cuda\v11.3\bin;c:\program files\nvidia gpu computing toolkit\cuda\v11.3\libnvvp;c:\program files\common files\oracle\java\javapath;c:\windows\system32;c:\windows;c:\windows\system32\wbem;c:\windows\system32\windowspowershell\v1.0\;c:\windows\system32\openssh\;c:\program files\bandizip\;c:\program files\git\cmd;c:\program files\nvidia corporation\nsight compute 2021.1.0\;c:\program files\matlab\r2022a\runtime\win64;c:\program files\matlab\r2022a\bin;c:\program files (x86)\gs\gs9.56.1\bin;c:\program files\dotnet\;c:\program files\mingw64\bin;c:\users\pyohy\appdata\local\programs\cursor\resources\app\bin;c:\program files\nvidia corporation\nvidia app\nvdlisr;C:\Program Files (x86)\NVIDIA Corporation\PhysX\Common;C:\python;C:\python\Scripts;G:\poppler-24.08.0;G:\poppler-24.08.0\Library\bin;C:\Program Files\Mullvad VPN\resources;C:\WINDOWS\system32;C:\WINDOWS;C:\WINDOWS\System32\Wbem;C:\WINDOWS\System32\WindowsPowerShell\v1.0\;C:\WINDOWS\System32\OpenSSH\;C:\python\Scripts\;C:\python\;C:\Ruby31\bin;C:\Users\pyohy\AppData\Local\Microsoft\WindowsApps;C:\Users\pyohy\AppData\Local\Programs\Microsoft VS Code\bin;C:\texlive\2022\bin\win32;C:\Users\pyohy\.dotnet\tools;C:\Users\pyohy\AppData\Local\Programs\cursor\resources\app\bin;" "gcc -o conftest.exe -IC:/Ruby31/include/ruby-3.1.0/i386-mingw32 -IC:/Ruby31/include/ruby-3.1.0/ruby/backward -IC:/Ruby31/include/ruby-3.1.0 -I. -D__USE_MINGW_ANSI_STDIO=1 -DFD_SETSIZE=2048 -D_WIN32_WINNT=0x0600 -D__MINGW_USE_VC2005_COMPAT -D_FILE_OFFSET_BITS=64  -O3 -fno-fast-math -fstack-protector-strong conftest.c  -L. -LC:/Ruby31/lib -L. -pipe -s -fstack-protector-strong -Wl,--no-as-needed     -lmsvcrt-ruby310  -lshell32 -lws2_32 -liphlpapi -limagehlp -lshlwapi -lbcrypt  "
checked program was:
/* begin */
1: #include "ruby.h"
2: 
3: #include <winsock2.h>
4: #include <windows.h>
5: int main(int argc, char **argv)
6: {
7:   return !!argv[argc];
8: }
/* end */

PATH=".;C:/Ruby31/lib;C:\Ruby31\bin;C:\Ruby31\msys32\mingw32\bin;C:\Ruby31\msys32\usr\bin;c:\program files\imagemagick-7.1.0-q16-hdri;c:\program files\nvidia gpu computing toolkit\cuda\v11.3\bin;c:\program files\nvidia gpu computing toolkit\cuda\v11.3\libnvvp;c:\program files\common files\oracle\java\javapath;c:\windows\system32;c:\windows;c:\windows\system32\wbem;c:\windows\system32\windowspowershell\v1.0\;c:\windows\system32\openssh\;c:\program files\bandizip\;c:\program files\git\cmd;c:\program files\nvidia corporation\nsight compute 2021.1.0\;c:\program files\matlab\r2022a\runtime\win64;c:\program files\matlab\r2022a\bin;c:\program files (x86)\gs\gs9.56.1\bin;c:\program files\dotnet\;c:\program files\mingw64\bin;c:\users\pyohy\appdata\local\programs\cursor\resources\app\bin;c:\program files\nvidia corporation\nvidia app\nvdlisr;C:\Program Files (x86)\NVIDIA Corporation\PhysX\Common;C:\python;C:\python\Scripts;G:\poppler-24.08.0;G:\poppler-24.08.0\Library\bin;C:\Program Files\Mullvad VPN\resources;C:\WINDOWS\system32;C:\WINDOWS;C:\WINDOWS\System32\Wbem;C:\WINDOWS\System32\WindowsPowerShell\v1.0\;C:\WINDOWS\System32\OpenSSH\;C:\python\Scripts\;C:\python\;C:\Ruby31\bin;C:\Users\pyohy\AppData\Local\Microsoft\WindowsApps;C:\Users\pyohy\AppData\Local\Programs\Microsoft VS Code\bin;C:\texlive\2022\bin\win32;C:\Users\pyohy\.dotnet\tools;C:\Users\pyohy\AppData\Local\Programs\cursor\resources\app\bin;" "gcc -IC:/Ruby31/include/ruby-3.1.0/i386-mingw32 -IC:/Ruby31/include/ruby-3.1.0/ruby/backward -IC:/Ruby31/include/ruby-3.1.0 -I. -D__USE_MINGW_ANSI_STDIO=1 -DFD_SETSIZE=2048 -D_WIN32_WINNT=0x0600 -D__MINGW_USE_VC2005_COMPAT -D_FILE_OFFSET_BITS=64  -O3 -fno-fast-math -fstack-protector-strong  -std=c99 -Werror -c conftest.c"
checked program was:
/* begin */
1: #include "ruby.h"
2: 
3: #include <winsock2.h>
4: #include <windows.h>
5: int main(int argc, char **argv)
6: {
7:   return !!argv[argc];
8: }
/* end */

--------------------

block in append_cflags: checking for whether -Wno-declaration-after-statement is accepted as CFLAGS... -------------------- yes

PATH=".;C:/Ruby31/lib;C:\Ruby31\bin;C:\Ruby31\msys32\mingw32\bin;C:\Ruby31\msys32\usr\bin;c:\program files\imagemagick-7.1.0-q16-hdri;c:\program files\nvidia gpu computing toolkit\cuda\v11.3\bin;c:\program files\nvidia gpu computing toolkit\cuda\v11.3\libnvvp;c:\program files\common files\oracle\java\javapath;c:\windows\system32;c:\windows;c:\windows\system32\wbem;c:\windows\system32\windowspowershell\v1.0\;c:\windows\system32\openssh\;c:\program files\bandizip\;c:\program files\git\cmd;c:\program files\nvidia corporation\nsight compute 2021.1.0\;c:\program files\matlab\r2022a\runtime\win64;c:\program files\matlab\r2022a\bin;c:\program files (x86)\gs\gs9.56.1\bin;c:\program files\dotnet\;c:\program files\mingw64\bin;c:\users\pyohy\appdata\local\programs\cursor\resources\app\bin;c:\program files\nvidia corporation\nvidia app\nvdlisr;C:\Program Files (x86)\NVIDIA Corporation\PhysX\Common;C:\python;C:\python\Scripts;G:\poppler-24.08.0;G:\poppler-24.08.0\Library\bin;C:\Program Files\Mullvad VPN\resources;C:\WINDOWS\system32;C:\WINDOWS;C:\WINDOWS\System32\Wbem;C:\WINDOWS\System32\WindowsPowerShell\v1.0\;C:\WINDOWS\System32\OpenSSH\;C:\python\Scripts\;C:\python\;C:\Ruby31\bin;C:\Users\pyohy\AppData\Local\Microsoft\WindowsApps;C:\Users\pyohy\AppData\Local\Programs\Microsoft VS Code\bin;C:\texlive\2022\bin\win32;C:\Users\pyohy\.dotnet\tools;C:\Users\pyohy\AppData\Local\Programs\cursor\resources\app\bin;" "gcc -IC:/Ruby31/include/ruby-3.1.0/i386-mingw32 -IC:/Ruby31/include/ruby-3.1.0/ruby/backward -IC:/Ruby31/include/ruby-3.1.0 -I. -D__USE_MINGW_ANSI_STDIO=1 -DFD_SETSIZE=2048 -D_WIN32_WINNT=0x0600 -D__MINGW_USE_VC2005_COMPAT -D_FILE_OFFSET_BITS=64  -O3 -fno-fast-math -fstack-protector-strong -std=c99  -Wno-declaration-after-statement -Werror -c conftest.c"
checked program was:
/* begin */
1: #include "ruby.h"
2: 
3: #include <winsock2.h>
4: #include <windows.h>
5: int main(int argc, char **argv)
6: {
7:   return !!argv[argc];
8: }
/* end */

--------------------

block in append_cflags: checking for whether -O2 is accepted as CFLAGS... -------------------- yes

PATH=".;C:/Ruby31/lib;C:\Ruby31\bin;C:\Ruby31\msys32\mingw32\bin;C:\Ruby31\msys32\usr\bin;c:\program files\imagemagick-7.1.0-q16-hdri;c:\program files\nvidia gpu computing toolkit\cuda\v11.3\bin;c:\program files\nvidia gpu computing toolkit\cuda\v11.3\libnvvp;c:\program files\common files\oracle\java\javapath;c:\windows\system32;c:\windows;c:\windows\system32\wbem;c:\windows\system32\windowspowershell\v1.0\;c:\windows\system32\openssh\;c:\program files\bandizip\;c:\program files\git\cmd;c:\program files\nvidia corporation\nsight compute 2021.1.0\;c:\program files\matlab\r2022a\runtime\win64;c:\program files\matlab\r2022a\bin;c:\program files (x86)\gs\gs9.56.1\bin;c:\program files\dotnet\;c:\program files\mingw64\bin;c:\users\pyohy\appdata\local\programs\cursor\resources\app\bin;c:\program files\nvidia corporation\nvidia app\nvdlisr;C:\Program Files (x86)\NVIDIA Corporation\PhysX\Common;C:\python;C:\python\Scripts;G:\poppler-24.08.0;G:\poppler-24.08.0\Library\bin;C:\Program Files\Mullvad VPN\resources;C:\WINDOWS\system32;C:\WINDOWS;C:\WINDOWS\System32\Wbem;C:\WINDOWS\System32\WindowsPowerShell\v1.0\;C:\WINDOWS\System32\OpenSSH\;C:\python\Scripts\;C:\python\;C:\Ruby31\bin;C:\Users\pyohy\AppData\Local\Microsoft\WindowsApps;C:\Users\pyohy\AppData\Local\Programs\Microsoft VS Code\bin;C:\texlive\2022\bin\win32;C:\Users\pyohy\.dotnet\tools;C:\Users\pyohy\AppData\Local\Programs\cursor\resources\app\bin;" "gcc -IC:/Ruby31/include/ruby-3.1.0/i386-mingw32 -IC:/Ruby31/include/ruby-3.1.0/ruby/backward -IC:/Ruby31/include/ruby-3.1.0 -I. -D__USE_MINGW_ANSI_STDIO=1 -DFD_SETSIZE=2048 -D_WIN32_WINNT=0x0600 -D__MINGW_USE_VC2005_COMPAT -D_FILE_OFFSET_BITS=64  -O3 -fno-fast-math -fstack-protector-strong -std=c99 -Wno-declaration-after-statement  -O2 -Werror -c conftest.c"
checked program was:
/* begin */
1: #include "ruby.h"
2: 
3: #include <winsock2.h>
4: #include <windows.h>
5: int main(int argc, char **argv)
6: {
7:   return !!argv[argc];
8: }
/* end */

--------------------

block in append_cflags: checking for whether -g is accepted as CFLAGS... -------------------- yes

PATH=".;C:/Ruby31/lib;C:\Ruby31\bin;C:\Ruby31\msys32\mingw32\bin;C:\Ruby31\msys32\usr\bin;c:\program files\imagemagick-7.1.0-q16-hdri;c:\program files\nvidia gpu computing toolkit\cuda\v11.3\bin;c:\program files\nvidia gpu computing toolkit\cuda\v11.3\libnvvp;c:\program files\common files\oracle\java\javapath;c:\windows\system32;c:\windows;c:\windows\system32\wbem;c:\windows\system32\windowspowershell\v1.0\;c:\windows\system32\openssh\;c:\program files\bandizip\;c:\program files\git\cmd;c:\program files\nvidia corporation\nsight compute 2021.1.0\;c:\program files\matlab\r2022a\runtime\win64;c:\program files\matlab\r2022a\bin;c:\program files (x86)\gs\gs9.56.1\bin;c:\program files\dotnet\;c:\program files\mingw64\bin;c:\users\pyohy\appdata\local\programs\cursor\resources\app\bin;c:\program files\nvidia corporation\nvidia app\nvdlisr;C:\Program Files (x86)\NVIDIA Corporation\PhysX\Common;C:\python;C:\python\Scripts;G:\poppler-24.08.0;G:\poppler-24.08.0\Library\bin;C:\Program Files\Mullvad VPN\resources;C:\WINDOWS\system32;C:\WINDOWS;C:\WINDOWS\System32\Wbem;C:\WINDOWS\System32\WindowsPowerShell\v1.0\;C:\WINDOWS\System32\OpenSSH\;C:\python\Scripts\;C:\python\;C:\Ruby31\bin;C:\Users\pyohy\AppData\Local\Microsoft\WindowsApps;C:\Users\pyohy\AppData\Local\Programs\Microsoft VS Code\bin;C:\texlive\2022\bin\win32;C:\Users\pyohy\.dotnet\tools;C:\Users\pyohy\AppData\Local\Programs\cursor\resources\app\bin;" "gcc -IC:/Ruby31/include/ruby-3.1.0/i386-mingw32 -IC:/Ruby31/include/ruby-3.1.0/ruby/backward -IC:/Ruby31/include/ruby-3.1.0 -I. -D__USE_MINGW_ANSI_STDIO=1 -DFD_SETSIZE=2048 -D_WIN32_WINNT=0x0600 -D__MINGW_USE_VC2005_COMPAT -D_FILE_OFFSET_BITS=64  -O3 -fno-fast-math -fstack-protector-strong -std=c99 -Wno-declaration-after-statement -O2  -g -Werror -c conftest.c"
checked program was:
/* begin */
1: #include "ruby.h"
2: 
3: #include <winsock2.h>
4: #include <windows.h>
5: int main(int argc, char **argv)
6: {
7:   return !!argv[argc];
8: }
/* end */

--------------------

block in append_cflags: checking for whether -Winline is accepted as CFLAGS... -------------------- yes

PATH=".;C:/Ruby31/lib;C:\Ruby31\bin;C:\Ruby31\msys32\mingw32\bin;C:\Ruby31\msys32\usr\bin;c:\program files\imagemagick-7.1.0-q16-hdri;c:\program files\nvidia gpu computing toolkit\cuda\v11.3\bin;c:\program files\nvidia gpu computing toolkit\cuda\v11.3\libnvvp;c:\program files\common files\oracle\java\javapath;c:\windows\system32;c:\windows;c:\windows\system32\wbem;c:\windows\system32\windowspowershell\v1.0\;c:\windows\system32\openssh\;c:\program files\bandizip\;c:\program files\git\cmd;c:\program files\nvidia corporation\nsight compute 2021.1.0\;c:\program files\matlab\r2022a\runtime\win64;c:\program files\matlab\r2022a\bin;c:\program files (x86)\gs\gs9.56.1\bin;c:\program files\dotnet\;c:\program files\mingw64\bin;c:\users\pyohy\appdata\local\programs\cursor\resources\app\bin;c:\program files\nvidia corporation\nvidia app\nvdlisr;C:\Program Files (x86)\NVIDIA Corporation\PhysX\Common;C:\python;C:\python\Scripts;G:\poppler-24.08.0;G:\poppler-24.08.0\Library\bin;C:\Program Files\Mullvad VPN\resources;C:\WINDOWS\system32;C:\WINDOWS;C:\WINDOWS\System32\Wbem;C:\WINDOWS\System32\WindowsPowerShell\v1.0\;C:\WINDOWS\System32\OpenSSH\;C:\python\Scripts\;C:\python\;C:\Ruby31\bin;C:\Users\pyohy\AppData\Local\Microsoft\WindowsApps;C:\Users\pyohy\AppData\Local\Programs\Microsoft VS Code\bin;C:\texlive\2022\bin\win32;C:\Users\pyohy\.dotnet\tools;C:\Users\pyohy\AppData\Local\Programs\cursor\resources\app\bin;" "gcc -IC:/Ruby31/include/ruby-3.1.0/i386-mingw32 -IC:/Ruby31/include/ruby-3.1.0/ruby/backward -IC:/Ruby31/include/ruby-3.1.0 -I. -D__USE_MINGW_ANSI_STDIO=1 -DFD_SETSIZE=2048 -D_WIN32_WINNT=0x0600 -D__MINGW_USE_VC2005_COMPAT -D_FILE_OFFSET_BITS=64  -O3 -fno-fast-math -fstack-protector-strong -std=c99 -Wno-declaration-after-statement -O2 -g  -Winline -Werror -c conftest.c"
checked program was:
/* begin */
1: #include "ruby.h"
2: 
3: #include <winsock2.h>
4: #include <windows.h>
5: int main(int argc, char **argv)
6: {
7:   return !!argv[argc];
8: }
/* end */

--------------------

block in append_cflags: checking for whether -Wmissing-noreturn is accepted as CFLAGS... -------------------- yes

PATH=".;C:/Ruby31/lib;C:\Ruby31\bin;C:\Ruby31\msys32\mingw32\bin;C:\Ruby31\msys32\usr\bin;c:\program files\imagemagick-7.1.0-q16-hdri;c:\program files\nvidia gpu computing toolkit\cuda\v11.3\bin;c:\program files\nvidia gpu computing toolkit\cuda\v11.3\libnvvp;c:\program files\common files\oracle\java\javapath;c:\windows\system32;c:\windows;c:\windows\system32\wbem;c:\windows\system32\windowspowershell\v1.0\;c:\windows\system32\openssh\;c:\program files\bandizip\;c:\program files\git\cmd;c:\program files\nvidia corporation\nsight compute 2021.1.0\;c:\program files\matlab\r2022a\runtime\win64;c:\program files\matlab\r2022a\bin;c:\program files (x86)\gs\gs9.56.1\bin;c:\program files\dotnet\;c:\program files\mingw64\bin;c:\users\pyohy\appdata\local\programs\cursor\resources\app\bin;c:\program files\nvidia corporation\nvidia app\nvdlisr;C:\Program Files (x86)\NVIDIA Corporation\PhysX\Common;C:\python;C:\python\Scripts;G:\poppler-24.08.0;G:\poppler-24.08.0\Library\bin;C:\Program Files\Mullvad VPN\resources;C:\WINDOWS\system32;C:\WINDOWS;C:\WINDOWS\System32\Wbem;C:\WINDOWS\System32\WindowsPowerShell\v1.0\;C:\WINDOWS\System32\OpenSSH\;C:\python\Scripts\;C:\python\;C:\Ruby31\bin;C:\Users\pyohy\AppData\Local\Microsoft\WindowsApps;C:\Users\pyohy\AppData\Local\Programs\Microsoft VS Code\bin;C:\texlive\2022\bin\win32;C:\Users\pyohy\.dotnet\tools;C:\Users\pyohy\AppData\Local\Programs\cursor\resources\app\bin;" "gcc -IC:/Ruby31/include/ruby-3.1.0/i386-mingw32 -IC:/Ruby31/include/ruby-3.1.0/ruby/backward -IC:/Ruby31/include/ruby-3.1.0 -I. -D__USE_MINGW_ANSI_STDIO=1 -DFD_SETSIZE=2048 -D_WIN32_WINNT=0x0600 -D__MINGW_USE_VC2005_COMPAT -D_FILE_OFFSET_BITS=64  -O3 -fno-fast-math -fstack-protector-strong -std=c99 -Wno-declaration-after-statement -O2 -g -Winline  -Wmissing-noreturn -Werror -c conftest.c"
checked program was:
/* begin */
1: #include "ruby.h"
2: 
3: #include <winsock2.h>
4: #include <windows.h>
5: int main(int argc, char **argv)
6: {
7:   return !!argv[argc];
8: }
/* end */

--------------------

block in append_cflags: checking for whether -Wconversion is accepted as CFLAGS... -------------------- no

PATH=".;C:/Ruby31/lib;C:\Ruby31\bin;C:\Ruby31\msys32\mingw32\bin;C:\Ruby31\msys32\usr\bin;c:\program files\imagemagick-7.1.0-q16-hdri;c:\program files\nvidia gpu computing toolkit\cuda\v11.3\bin;c:\program files\nvidia gpu computing toolkit\cuda\v11.3\libnvvp;c:\program files\common files\oracle\java\javapath;c:\windows\system32;c:\windows;c:\windows\system32\wbem;c:\windows\system32\windowspowershell\v1.0\;c:\windows\system32\openssh\;c:\program files\bandizip\;c:\program files\git\cmd;c:\program files\nvidia corporation\nsight compute 2021.1.0\;c:\program files\matlab\r2022a\runtime\win64;c:\program files\matlab\r2022a\bin;c:\program files (x86)\gs\gs9.56.1\bin;c:\program files\dotnet\;c:\program files\mingw64\bin;c:\users\pyohy\appdata\local\programs\cursor\resources\app\bin;c:\program files\nvidia corporation\nvidia app\nvdlisr;C:\Program Files (x86)\NVIDIA Corporation\PhysX\Common;C:\python;C:\python\Scripts;G:\poppler-24.08.0;G:\poppler-24.08.0\Library\bin;C:\Program Files\Mullvad VPN\resources;C:\WINDOWS\system32;C:\WINDOWS;C:\WINDOWS\System32\Wbem;C:\WINDOWS\System32\WindowsPowerShell\v1.0\;C:\WINDOWS\System32\OpenSSH\;C:\python\Scripts\;C:\python\;C:\Ruby31\bin;C:\Users\pyohy\AppData\Local\Microsoft\WindowsApps;C:\Users\pyohy\AppData\Local\Programs\Microsoft VS Code\bin;C:\texlive\2022\bin\win32;C:\Users\pyohy\.dotnet\tools;C:\Users\pyohy\AppData\Local\Programs\cursor\resources\app\bin;" "gcc -IC:/Ruby31/include/ruby-3.1.0/i386-mingw32 -IC:/Ruby31/include/ruby-3.1.0/ruby/backward -IC:/Ruby31/include/ruby-3.1.0 -I. -D__USE_MINGW_ANSI_STDIO=1 -DFD_SETSIZE=2048 -D_WIN32_WINNT=0x0600 -D__MINGW_USE_VC2005_COMPAT -D_FILE_OFFSET_BITS=64  -O3 -fno-fast-math -fstack-protector-strong -std=c99 -Wno-declaration-after-statement -O2 -g -Winline -Wmissing-noreturn  -Wconversion -Werror -c conftest.c"
In file included from C:/Ruby31/include/ruby-3.1.0/ruby/internal/arithmetic/long.h:42,
                 from C:/Ruby31/include/ruby-3.1.0/ruby/internal/arithmetic/int.h:26,
                 from C:/Ruby31/include/ruby-3.1.0/ruby/internal/arithmetic/char.h:23,
                 from C:/Ruby31/include/ruby-3.1.0/ruby/internal/arithmetic.h:23,
                 from C:/Ruby31/include/ruby-3.1.0/ruby/ruby.h:27,
                 from C:/Ruby31/include/ruby-3.1.0/ruby.h:38,
                 from conftest.c:1:
C:/Ruby31/include/ruby-3.1.0/ruby/internal/special_consts.h: In function 'RB_TEST':
C:/Ruby31/include/ruby-3.1.0/ruby/internal/special_consts.h:148:16: error: unsigned conversion from 'int' to 'long unsigned int' changes value from '-5' to '4294967291' [-Werror=sign-conversion]
  148 |     return obj & ~RUBY_Qnil;
      |                ^
C:/Ruby31/include/ruby-3.1.0/ruby/internal/arithmetic/long.h: In function 'RB_INT2FIX':
C:/Ruby31/include/ruby-3.1.0/ruby/internal/arithmetic/long.h:117:29: error: conversion to 'long unsigned int' from 'long int' may change the sign of the result [-Werror=sign-conversion]
  117 |     const unsigned long j = i;
      |                             ^
C:/Ruby31/include/ruby-3.1.0/ruby/internal/arithmetic/long.h:119:29: error: conversion to 'long int' from 'long unsigned int' may change the sign of the result [-Werror=sign-conversion]
  119 |     const long          l = k;
      |                             ^
C:/Ruby31/include/ruby-3.1.0/ruby/internal/arithmetic/long.h:121:29: error: conversion to 'VALUE' {aka 'const long unsigned int'} from 'long int' may change the sign of the result [-Werror=sign-conversion]
  121 |     const VALUE         n = m;
      |                             ^
C:/Ruby31/include/ruby-3.1.0/ruby/internal/arithmetic/long.h: In function 'rbimpl_fix2long_by_idiv':
C:/Ruby31/include/ruby-3.1.0/ruby/internal/arithmetic/long.h:169:28: error: conversion to 'long int' from 'long unsigned int' may change the sign of the result [-Werror=sign-conversion]
  169 |     const SIGNED_VALUE y = x - RUBY_FIXNUM_FLAG;
      |                            ^
C:/Ruby31/include/ruby-3.1.0/ruby/internal/arithmetic/long.h: In function 'rbimpl_fix2long_by_shift':
C:/Ruby31/include/ruby-3.1.0/ruby/internal/arithmetic/long.h:196:28: error: conversion to 'long int' from 'VALUE' {aka 'long unsigned int'} may change the sign of the result [-Werror=sign-conversion]
  196 |     const SIGNED_VALUE y = x;
      |                            ^
C:/Ruby31/include/ruby-3.1.0/ruby/internal/arithmetic/long.h: In function 'rb_fix2ulong':
C:/Ruby31/include/ruby-3.1.0/ruby/internal/arithmetic/long.h:255:12: error: conversion to 'long unsigned int' from 'long int' may change the sign of the result [-Werror=sign-conversion]
  255 |     return rb_fix2long(x);
      |            ^~~~~~~~~~~~~~
C:/Ruby31/include/ruby-3.1.0/ruby/internal/arithmetic/long.h: In function 'rb_ulong2num_inline':
C:/Ruby31/include/ruby-3.1.0/ruby/internal/arithmetic/long.h:326:28: error: conversion to 'long int' from 'long unsigned int' may change the sign of the result [-Werror=sign-conversion]
  326 |         return RB_LONG2FIX(v);
      |                            ^
C:/Ruby31/include/ruby-3.1.0/ruby/internal/arithmetic/int.h: In function 'rb_uint2num_inline':
C:/Ruby31/include/ruby-3.1.0/ruby/internal/arithmetic/int.h:257:28: error: conversion to 'long int' from 'unsigned int' may change the sign of the result [-Werror=sign-conversion]
  257 |         return RB_LONG2FIX(v);
      |                            ^
C:/Ruby31/include/ruby-3.1.0/ruby/internal/arithmetic/long_long.h: In function 'rb_num2ull_inline':
C:/Ruby31/include/ruby-3.1.0/ruby/internal/arithmetic/long.h:53:22: error: conversion to 'long long unsigned int' from 'long int' may change the sign of the result [-Werror=sign-conversion]
   53 | #define RB_FIX2LONG  rb_fix2long          /**< @alias{rb_fix2long} */
C:/Ruby31/include/ruby-3.1.0/ruby/internal/arithmetic/long.h:53:22: note: in definition of macro 'RB_FIX2LONG'
   53 | #define RB_FIX2LONG  rb_fix2long          /**< @alias{rb_fix2long} */
      |                      ^~~~~~~~~~~
In file included from C:/Ruby31/include/ruby-3.1.0/ruby/internal/arithmetic.h:36:
C:/Ruby31/include/ruby-3.1.0/ruby/internal/arithmetic/st_data_t.h: In function 'RB_ST2FIX':
C:/Ruby31/include/ruby-3.1.0/ruby/internal/arithmetic/st_data_t.h:61:22: error: conversion to 'long int' from 'st_data_t' {aka 'long unsigned int'} may change the sign of the result [-Werror=sign-conversion]
   61 |     SIGNED_VALUE x = i;
      |                      ^
C:/Ruby31/include/ruby-3.1.0/ruby/internal/arithmetic/st_data_t.h:72:24: error: conversion to 'long int' from 'long unsigned int' may change the sign of the result [-Werror=sign-conversion]
   72 |     return RB_LONG2FIX(y);
      |                        ^
In file included from C:/Ruby31/include/ruby-3.1.0/ruby/ruby.h:41:
C:/Ruby31/include/ruby-3.1.0/ruby/internal/memory.h: In function 'rb_alloc_tmp_buffer2':
C:/Ruby31/include/ruby-3.1.0/ruby/internal/memory.h:642:56: error: conversion to 'size_t' {aka 'unsigned int'} from 'long int' may change the sign of the result [-Werror=sign-conversion]
  642 |     const size_t total_size = rbimpl_size_mul_or_raise(count, elsize);
      |                                                        ^~~~~
In file included from C:/Ruby31/include/ruby-3.1.0/ruby/internal/intern/select.h:37,
                 from C:/Ruby31/include/ruby-3.1.0/ruby/intern.h:54,
                 from C:/Ruby31/include/ruby-3.1.0/ruby/ruby.h:192:
C:/Ruby31/include/ruby-3.1.0/ruby/internal/intern/select/win32.h: In function 'rb_fd_max':
C:/Ruby31/include/ruby-3.1.0/ruby/internal/intern/select/win32.h:256:13: error: conversion to 'int' from 'u_int' {aka 'unsigned int'} may change the sign of the result [-Werror=sign-conversion]
  256 |     return p->fd_count;
      |            ~^~~~~~~~~~
cc1.exe: all warnings being treated as errors
checked program was:
/* begin */
1: #include "ruby.h"
2: 
3: #include <winsock2.h>
4: #include <windows.h>
5: int main(int argc, char **argv)
6: {
7:   return !!argv[argc];
8: }
/* end */

--------------------

block in append_cppflags: checking for whether  "-Idummypath" is accepted as CPPFLAGS... -------------------- yes

PATH=".;C:/Ruby31/lib;C:\Ruby31\bin;C:\Ruby31\msys32\mingw32\bin;C:\Ruby31\msys32\usr\bin;c:\program files\imagemagick-7.1.0-q16-hdri;c:\program files\nvidia gpu computing toolkit\cuda\v11.3\bin;c:\program files\nvidia gpu computing toolkit\cuda\v11.3\libnvvp;c:\program files\common files\oracle\java\javapath;c:\windows\system32;c:\windows;c:\windows\system32\wbem;c:\windows\system32\windowspowershell\v1.0\;c:\windows\system32\openssh\;c:\program files\bandizip\;c:\program files\git\cmd;c:\program files\nvidia corporation\nsight compute 2021.1.0\;c:\program files\matlab\r2022a\runtime\win64;c:\program files\matlab\r2022a\bin;c:\program files (x86)\gs\gs9.56.1\bin;c:\program files\dotnet\;c:\program files\mingw64\bin;c:\users\pyohy\appdata\local\programs\cursor\resources\app\bin;c:\program files\nvidia corporation\nvidia app\nvdlisr;C:\Program Files (x86)\NVIDIA Corporation\PhysX\Common;C:\python;C:\python\Scripts;G:\poppler-24.08.0;G:\poppler-24.08.0\Library\bin;C:\Program Files\Mullvad VPN\resources;C:\WINDOWS\system32;C:\WINDOWS;C:\WINDOWS\System32\Wbem;C:\WINDOWS\System32\WindowsPowerShell\v1.0\;C:\WINDOWS\System32\OpenSSH\;C:\python\Scripts\;C:\python\;C:\Ruby31\bin;C:\Users\pyohy\AppData\Local\Microsoft\WindowsApps;C:\Users\pyohy\AppData\Local\Programs\Microsoft VS Code\bin;C:\texlive\2022\bin\win32;C:\Users\pyohy\.dotnet\tools;C:\Users\pyohy\AppData\Local\Programs\cursor\resources\app\bin;" "gcc -IC:/Ruby31/include/ruby-3.1.0/i386-mingw32 -IC:/Ruby31/include/ruby-3.1.0/ruby/backward -IC:/Ruby31/include/ruby-3.1.0 -I. -D__USE_MINGW_ANSI_STDIO=1 -DFD_SETSIZE=2048 -D_WIN32_WINNT=0x0600 -D__MINGW_USE_VC2005_COMPAT -D_FILE_OFFSET_BITS=64  -O3 -fno-fast-math -fstack-protector-strong -std=c99 -Wno-declaration-after-statement -O2 -g -Winline -Wmissing-noreturn   "-Idummypath" -Werror -c conftest.c"
checked program was:
/* begin */
1: #include "ruby.h"
2: 
3: #include <winsock2.h>
4: #include <windows.h>
5: int main(int argc, char **argv)
6: {
7:   return !!argv[argc];
8: }
/* end */

--------------------

block in append_cppflags: checking for whether -IG:/GithubBlog/kanji-jp/vendor/bundle/ruby/3.1.0/gems/nokogiri-1.18.10/ports/i386-mingw32/zlib/1.3.1/include is accepted as CPPFLAGS... -------------------- yes

PATH=".;C:/Ruby31/lib;G:\GithubBlog\kanji-jp\vendor\bundle\ruby\3.1.0\gems\nokogiri-1.18.10\ports\i386-mingw32\libiconv\1.18\bin;C:\Ruby31\bin;C:\Ruby31\msys32\mingw32\bin;C:\Ruby31\msys32\usr\bin;c:\program files\imagemagick-7.1.0-q16-hdri;c:\program files\nvidia gpu computing toolkit\cuda\v11.3\bin;c:\program files\nvidia gpu computing toolkit\cuda\v11.3\libnvvp;c:\program files\common files\oracle\java\javapath;c:\windows\system32;c:\windows;c:\windows\system32\wbem;c:\windows\system32\windowspowershell\v1.0\;c:\windows\system32\openssh\;c:\program files\bandizip\;c:\program files\git\cmd;c:\program files\nvidia corporation\nsight compute 2021.1.0\;c:\program files\matlab\r2022a\runtime\win64;c:\program files\matlab\r2022a\bin;c:\program files (x86)\gs\gs9.56.1\bin;c:\program files\dotnet\;c:\program files\mingw64\bin;c:\users\pyohy\appdata\local\programs\cursor\resources\app\bin;c:\program files\nvidia corporation\nvidia app\nvdlisr;C:\Program Files (x86)\NVIDIA Corporation\PhysX\Common;C:\python;C:\python\Scripts;G:\poppler-24.08.0;G:\poppler-24.08.0\Library\bin;C:\Program Files\Mullvad VPN\resources;C:\WINDOWS\system32;C:\WINDOWS;C:\WINDOWS\System32\Wbem;C:\WINDOWS\System32\WindowsPowerShell\v1.0\;C:\WINDOWS\System32\OpenSSH\;C:\python\Scripts\;C:\python\;C:\Ruby31\bin;C:\Users\pyohy\AppData\Local\Microsoft\WindowsApps;C:\Users\pyohy\AppData\Local\Programs\Microsoft VS Code\bin;C:\texlive\2022\bin\win32;C:\Users\pyohy\.dotnet\tools;C:\Users\pyohy\AppData\Local\Programs\cursor\resources\app\bin;" "gcc -IC:/Ruby31/include/ruby-3.1.0/i386-mingw32 -IC:/Ruby31/include/ruby-3.1.0/ruby/backward -IC:/Ruby31/include/ruby-3.1.0 -I. -D__USE_MINGW_ANSI_STDIO=1 -DFD_SETSIZE=2048 -D_WIN32_WINNT=0x0600 -D__MINGW_USE_VC2005_COMPAT -D_FILE_OFFSET_BITS=64   "-Idummypath" -O3 -fno-fast-math -fstack-protector-strong -std=c99 -Wno-declaration-after-statement -O2 -g -Winline -Wmissing-noreturn  -IG:/GithubBlog/kanji-jp/vendor/bundle/ruby/3.1.0/gems/nokogiri-1.18.10/ports/i386-mingw32/zlib/1.3.1/include -Werror -c conftest.c"
checked program was:
/* begin */
1: #include "ruby.h"
2: 
3: #include <winsock2.h>
4: #include <windows.h>
5: int main(int argc, char **argv)
6: {
7:   return !!argv[argc];
8: }
/* end */

--------------------

have_library: checking for gzdopen() in -lz... -------------------- yes

PATH=".;C:/Ruby31/lib;G:\GithubBlog\kanji-jp\vendor\bundle\ruby\3.1.0\gems\nokogiri-1.18.10\ports\i386-mingw32\libiconv\1.18\bin;C:\Ruby31\bin;C:\Ruby31\msys32\mingw32\bin;C:\Ruby31\msys32\usr\bin;c:\program files\imagemagick-7.1.0-q16-hdri;c:\program files\nvidia gpu computing toolkit\cuda\v11.3\bin;c:\program files\nvidia gpu computing toolkit\cuda\v11.3\libnvvp;c:\program files\common files\oracle\java\javapath;c:\windows\system32;c:\windows;c:\windows\system32\wbem;c:\windows\system32\windowspowershell\v1.0\;c:\windows\system32\openssh\;c:\program files\bandizip\;c:\program files\git\cmd;c:\program files\nvidia corporation\nsight compute 2021.1.0\;c:\program files\matlab\r2022a\runtime\win64;c:\program files\matlab\r2022a\bin;c:\program files (x86)\gs\gs9.56.1\bin;c:\program files\dotnet\;c:\program files\mingw64\bin;c:\users\pyohy\appdata\local\programs\cursor\resources\app\bin;c:\program files\nvidia corporation\nvidia app\nvdlisr;C:\Program Files (x86)\NVIDIA Corporation\PhysX\Common;C:\python;C:\python\Scripts;G:\poppler-24.08.0;G:\poppler-24.08.0\Library\bin;C:\Program Files\Mullvad VPN\resources;C:\WINDOWS\system32;C:\WINDOWS;C:\WINDOWS\System32\Wbem;C:\WINDOWS\System32\WindowsPowerShell\v1.0\;C:\WINDOWS\System32\OpenSSH\;C:\python\Scripts\;C:\python\;C:\Ruby31\bin;C:\Users\pyohy\AppData\Local\Microsoft\WindowsApps;C:\Users\pyohy\AppData\Local\Programs\Microsoft VS Code\bin;C:\texlive\2022\bin\win32;C:\Users\pyohy\.dotnet\tools;C:\Users\pyohy\AppData\Local\Programs\cursor\resources\app\bin;" "gcc -o conftest.exe -IC:/Ruby31/include/ruby-3.1.0/i386-mingw32 -IC:/Ruby31/include/ruby-3.1.0/ruby/backward -IC:/Ruby31/include/ruby-3.1.0 -I. -D__USE_MINGW_ANSI_STDIO=1 -DFD_SETSIZE=2048 -D_WIN32_WINNT=0x0600 -D__MINGW_USE_VC2005_COMPAT -D_FILE_OFFSET_BITS=64   "-Idummypath" -IG:/GithubBlog/kanji-jp/vendor/bundle/ruby/3.1.0/gems/nokogiri-1.18.10/ports/i386-mingw32/zlib/1.3.1/include -O3 -fno-fast-math -fstack-protector-strong -std=c99 -Wno-declaration-after-statement -O2 -g -Winline -Wmissing-noreturn conftest.c  -L. -LC:/Ruby31/lib -LG:/GithubBlog/kanji-jp/vendor/bundle/ruby/3.1.0/gems/nokogiri-1.18.10/ports/i386-mingw32/zlib/1.3.1/lib -L. -pipe -s -fstack-protector-strong -Wl,--no-as-needed     -lmsvcrt-ruby310 -lz  -lshell32 -lws2_32 -liphlpapi -limagehlp -lshlwapi -lbcrypt  "
checked program was:
/* begin */
 1: #include "ruby.h"
 2: 
 3: #include <winsock2.h>
 4: #include <windows.h>
 5: #include <zlib.h>
 6: 
 7: /*top*/
 8: extern int t(void);
 9: int main(int argc, char **argv)
10: {
11:   if (argc > 1000000) {
12:     int (* volatile tp)(void)=(int (*)(void))&t;
13:     printf("%d", (*tp)());
14:   }
15: 
16:   return !!argv[argc];
17: }
18: int t(void) { void ((*volatile p)()); p = (void ((*)()))gzdopen; return !p; }
/* end */

--------------------

block in append_cppflags: checking for whether -IG:/GithubBlog/kanji-jp/vendor/bundle/ruby/3.1.0/gems/nokogiri-1.18.10/ports/i386-mingw32/libiconv/1.18/include is accepted as CPPFLAGS... -------------------- yes

PATH=".;C:/Ruby31/lib;G:\GithubBlog\kanji-jp\vendor\bundle\ruby\3.1.0\gems\nokogiri-1.18.10\ports\i386-mingw32\libiconv\1.18\bin;C:\Ruby31\bin;C:\Ruby31\msys32\mingw32\bin;C:\Ruby31\msys32\usr\bin;c:\program files\imagemagick-7.1.0-q16-hdri;c:\program files\nvidia gpu computing toolkit\cuda\v11.3\bin;c:\program files\nvidia gpu computing toolkit\cuda\v11.3\libnvvp;c:\program files\common files\oracle\java\javapath;c:\windows\system32;c:\windows;c:\windows\system32\wbem;c:\windows\system32\windowspowershell\v1.0\;c:\windows\system32\openssh\;c:\program files\bandizip\;c:\program files\git\cmd;c:\program files\nvidia corporation\nsight compute 2021.1.0\;c:\program files\matlab\r2022a\runtime\win64;c:\program files\matlab\r2022a\bin;c:\program files (x86)\gs\gs9.56.1\bin;c:\program files\dotnet\;c:\program files\mingw64\bin;c:\users\pyohy\appdata\local\programs\cursor\resources\app\bin;c:\program files\nvidia corporation\nvidia app\nvdlisr;C:\Program Files (x86)\NVIDIA Corporation\PhysX\Common;C:\python;C:\python\Scripts;G:\poppler-24.08.0;G:\poppler-24.08.0\Library\bin;C:\Program Files\Mullvad VPN\resources;C:\WINDOWS\system32;C:\WINDOWS;C:\WINDOWS\System32\Wbem;C:\WINDOWS\System32\WindowsPowerShell\v1.0\;C:\WINDOWS\System32\OpenSSH\;C:\python\Scripts\;C:\python\;C:\Ruby31\bin;C:\Users\pyohy\AppData\Local\Microsoft\WindowsApps;C:\Users\pyohy\AppData\Local\Programs\Microsoft VS Code\bin;C:\texlive\2022\bin\win32;C:\Users\pyohy\.dotnet\tools;C:\Users\pyohy\AppData\Local\Programs\cursor\resources\app\bin;" "gcc -IC:/Ruby31/include/ruby-3.1.0/i386-mingw32 -IC:/Ruby31/include/ruby-3.1.0/ruby/backward -IC:/Ruby31/include/ruby-3.1.0 -I. -D__USE_MINGW_ANSI_STDIO=1 -DFD_SETSIZE=2048 -D_WIN32_WINNT=0x0600 -D__MINGW_USE_VC2005_COMPAT -D_FILE_OFFSET_BITS=64   "-Idummypath" -IG:/GithubBlog/kanji-jp/vendor/bundle/ruby/3.1.0/gems/nokogiri-1.18.10/ports/i386-mingw32/zlib/1.3.1/include -O3 -fno-fast-math -fstack-protector-strong -std=c99 -Wno-declaration-after-statement -O2 -g -Winline -Wmissing-noreturn  -IG:/GithubBlog/kanji-jp/vendor/bundle/ruby/3.1.0/gems/nokogiri-1.18.10/ports/i386-mingw32/libiconv/1.18/include -Werror -c conftest.c"
checked program was:
/* begin */
1: #include "ruby.h"
2: 
3: #include <winsock2.h>
4: #include <windows.h>
5: int main(int argc, char **argv)
6: {
7:   return !!argv[argc];
8: }
/* end */

--------------------

have_library: checking for iconv_open() in -liconv... -------------------- yes

PATH=".;C:/Ruby31/lib;G:\GithubBlog\kanji-jp\vendor\bundle\ruby\3.1.0\gems\nokogiri-1.18.10\ports\i386-mingw32\libiconv\1.18\bin;C:\Ruby31\bin;C:\Ruby31\msys32\mingw32\bin;C:\Ruby31\msys32\usr\bin;c:\program files\imagemagick-7.1.0-q16-hdri;c:\program files\nvidia gpu computing toolkit\cuda\v11.3\bin;c:\program files\nvidia gpu computing toolkit\cuda\v11.3\libnvvp;c:\program files\common files\oracle\java\javapath;c:\windows\system32;c:\windows;c:\windows\system32\wbem;c:\windows\system32\windowspowershell\v1.0\;c:\windows\system32\openssh\;c:\program files\bandizip\;c:\program files\git\cmd;c:\program files\nvidia corporation\nsight compute 2021.1.0\;c:\program files\matlab\r2022a\runtime\win64;c:\program files\matlab\r2022a\bin;c:\program files (x86)\gs\gs9.56.1\bin;c:\program files\dotnet\;c:\program files\mingw64\bin;c:\users\pyohy\appdata\local\programs\cursor\resources\app\bin;c:\program files\nvidia corporation\nvidia app\nvdlisr;C:\Program Files (x86)\NVIDIA Corporation\PhysX\Common;C:\python;C:\python\Scripts;G:\poppler-24.08.0;G:\poppler-24.08.0\Library\bin;C:\Program Files\Mullvad VPN\resources;C:\WINDOWS\system32;C:\WINDOWS;C:\WINDOWS\System32\Wbem;C:\WINDOWS\System32\WindowsPowerShell\v1.0\;C:\WINDOWS\System32\OpenSSH\;C:\python\Scripts\;C:\python\;C:\Ruby31\bin;C:\Users\pyohy\AppData\Local\Microsoft\WindowsApps;C:\Users\pyohy\AppData\Local\Programs\Microsoft VS Code\bin;C:\texlive\2022\bin\win32;C:\Users\pyohy\.dotnet\tools;C:\Users\pyohy\AppData\Local\Programs\cursor\resources\app\bin;" "gcc -o conftest.exe -IC:/Ruby31/include/ruby-3.1.0/i386-mingw32 -IC:/Ruby31/include/ruby-3.1.0/ruby/backward -IC:/Ruby31/include/ruby-3.1.0 -I. -D__USE_MINGW_ANSI_STDIO=1 -DFD_SETSIZE=2048 -D_WIN32_WINNT=0x0600 -D__MINGW_USE_VC2005_COMPAT -D_FILE_OFFSET_BITS=64   "-Idummypath" -IG:/GithubBlog/kanji-jp/vendor/bundle/ruby/3.1.0/gems/nokogiri-1.18.10/ports/i386-mingw32/zlib/1.3.1/include -IG:/GithubBlog/kanji-jp/vendor/bundle/ruby/3.1.0/gems/nokogiri-1.18.10/ports/i386-mingw32/libiconv/1.18/include -O3 -fno-fast-math -fstack-protector-strong -std=c99 -Wno-declaration-after-statement -O2 -g -Winline -Wmissing-noreturn conftest.c  -L. -LC:/Ruby31/lib -LG:/GithubBlog/kanji-jp/vendor/bundle/ruby/3.1.0/gems/nokogiri-1.18.10/ports/i386-mingw32/libiconv/1.18/lib -LG:/GithubBlog/kanji-jp/vendor/bundle/ruby/3.1.0/gems/nokogiri-1.18.10/ports/i386-mingw32/zlib/1.3.1/lib -L. -pipe -s -fstack-protector-strong -Wl,--no-as-needed    -lz  -lmsvcrt-ruby310 -liconv -lz  -lshell32 -lws2_32 -liphlpapi -limagehlp -lshlwapi -lbcrypt  "
checked program was:
/* begin */
 1: #include "ruby.h"
 2: 
 3: #include <winsock2.h>
 4: #include <windows.h>
 5: #include <iconv.h>
 6: 
 7: /*top*/
 8: extern int t(void);
 9: int main(int argc, char **argv)
10: {
11:   if (argc > 1000000) {
12:     int (* volatile tp)(void)=(int (*)(void))&t;
13:     printf("%d", (*tp)());
14:   }
15: 
16:   return !!argv[argc];
17: }
18: int t(void) { void ((*volatile p)()); p = (void ((*)()))iconv_open; return !p; }
/* end */

--------------------

block in append_cppflags: checking for whether -DNOKOGIRI_PACKAGED_LIBRARIES is accepted as CPPFLAGS... -------------------- yes

PATH=".;C:/Ruby31/lib;G:\GithubBlog\kanji-jp\vendor\bundle\ruby\3.1.0\gems\nokogiri-1.18.10\ports\i386-mingw32\libxslt\1.1.43\bin;G:\GithubBlog\kanji-jp\vendor\bundle\ruby\3.1.0\gems\nokogiri-1.18.10\ports\i386-mingw32\libxml2\2.13.9\bin;G:\GithubBlog\kanji-jp\vendor\bundle\ruby\3.1.0\gems\nokogiri-1.18.10\ports\i386-mingw32\libiconv\1.18\bin;C:\Ruby31\bin;C:\Ruby31\msys32\mingw32\bin;C:\Ruby31\msys32\usr\bin;c:\program files\imagemagick-7.1.0-q16-hdri;c:\program files\nvidia gpu computing toolkit\cuda\v11.3\bin;c:\program files\nvidia gpu computing toolkit\cuda\v11.3\libnvvp;c:\program files\common files\oracle\java\javapath;c:\windows\system32;c:\windows;c:\windows\system32\wbem;c:\windows\system32\windowspowershell\v1.0\;c:\windows\system32\openssh\;c:\program files\bandizip\;c:\program files\git\cmd;c:\program files\nvidia corporation\nsight compute 2021.1.0\;c:\program files\matlab\r2022a\runtime\win64;c:\program files\matlab\r2022a\bin;c:\program files (x86)\gs\gs9.56.1\bin;c:\program files\dotnet\;c:\program files\mingw64\bin;c:\users\pyohy\appdata\local\programs\cursor\resources\app\bin;c:\program files\nvidia corporation\nvidia app\nvdlisr;C:\Program Files (x86)\NVIDIA Corporation\PhysX\Common;C:\python;C:\python\Scripts;G:\poppler-24.08.0;G:\poppler-24.08.0\Library\bin;C:\Program Files\Mullvad VPN\resources;C:\WINDOWS\system32;C:\WINDOWS;C:\WINDOWS\System32\Wbem;C:\WINDOWS\System32\WindowsPowerShell\v1.0\;C:\WINDOWS\System32\OpenSSH\;C:\python\Scripts\;C:\python\;C:\Ruby31\bin;C:\Users\pyohy\AppData\Local\Microsoft\WindowsApps;C:\Users\pyohy\AppData\Local\Programs\Microsoft VS Code\bin;C:\texlive\2022\bin\win32;C:\Users\pyohy\.dotnet\tools;C:\Users\pyohy\AppData\Local\Programs\cursor\resources\app\bin;" "gcc -IC:/Ruby31/include/ruby-3.1.0/i386-mingw32 -IC:/Ruby31/include/ruby-3.1.0/ruby/backward -IC:/Ruby31/include/ruby-3.1.0 -I. -D__USE_MINGW_ANSI_STDIO=1 -DFD_SETSIZE=2048 -D_WIN32_WINNT=0x0600 -D__MINGW_USE_VC2005_COMPAT -D_FILE_OFFSET_BITS=64   "-Idummypath" -IG:/GithubBlog/kanji-jp/vendor/bundle/ruby/3.1.0/gems/nokogiri-1.18.10/ports/i386-mingw32/zlib/1.3.1/include -IG:/GithubBlog/kanji-jp/vendor/bundle/ruby/3.1.0/gems/nokogiri-1.18.10/ports/i386-mingw32/libiconv/1.18/include -O3 -fno-fast-math -fstack-protector-strong -std=c99 -Wno-declaration-after-statement -O2 -g -Winline -Wmissing-noreturn  -DNOKOGIRI_PACKAGED_LIBRARIES -Werror -c conftest.c"
checked program was:
/* begin */
1: #include "ruby.h"
2: 
3: #include <winsock2.h>
4: #include <windows.h>
5: int main(int argc, char **argv)
6: {
7:   return !!argv[argc];
8: }
/* end */

--------------------

block in append_cppflags: checking for whether -DNOKOGIRI_LIBXML2_PATCHES="\"0001-Remove-script-macro-support.patch 0002-Update-entities-to-remove-handling-of-ssi.patch 0009-allow-wildcard-namespaces.patch 0010-update-config.guess-and-config.sub-for-libxml2.patch 0011-rip-out-libxml2-s-libc_single_threaded-support.patch 0019-xpath-Use-separate-static-hash-table-for-standard-fu.patch\"" is accepted as CPPFLAGS... -------------------- yes

PATH=".;C:/Ruby31/lib;G:\GithubBlog\kanji-jp\vendor\bundle\ruby\3.1.0\gems\nokogiri-1.18.10\ports\i386-mingw32\libxslt\1.1.43\bin;G:\GithubBlog\kanji-jp\vendor\bundle\ruby\3.1.0\gems\nokogiri-1.18.10\ports\i386-mingw32\libxml2\2.13.9\bin;G:\GithubBlog\kanji-jp\vendor\bundle\ruby\3.1.0\gems\nokogiri-1.18.10\ports\i386-mingw32\libiconv\1.18\bin;C:\Ruby31\bin;C:\Ruby31\msys32\mingw32\bin;C:\Ruby31\msys32\usr\bin;c:\program files\imagemagick-7.1.0-q16-hdri;c:\program files\nvidia gpu computing toolkit\cuda\v11.3\bin;c:\program files\nvidia gpu computing toolkit\cuda\v11.3\libnvvp;c:\program files\common files\oracle\java\javapath;c:\windows\system32;c:\windows;c:\windows\system32\wbem;c:\windows\system32\windowspowershell\v1.0\;c:\windows\system32\openssh\;c:\program files\bandizip\;c:\program files\git\cmd;c:\program files\nvidia corporation\nsight compute 2021.1.0\;c:\program files\matlab\r2022a\runtime\win64;c:\program files\matlab\r2022a\bin;c:\program files (x86)\gs\gs9.56.1\bin;c:\program files\dotnet\;c:\program files\mingw64\bin;c:\users\pyohy\appdata\local\programs\cursor\resources\app\bin;c:\program files\nvidia corporation\nvidia app\nvdlisr;C:\Program Files (x86)\NVIDIA Corporation\PhysX\Common;C:\python;C:\python\Scripts;G:\poppler-24.08.0;G:\poppler-24.08.0\Library\bin;C:\Program Files\Mullvad VPN\resources;C:\WINDOWS\system32;C:\WINDOWS;C:\WINDOWS\System32\Wbem;C:\WINDOWS\System32\WindowsPowerShell\v1.0\;C:\WINDOWS\System32\OpenSSH\;C:\python\Scripts\;C:\python\;C:\Ruby31\bin;C:\Users\pyohy\AppData\Local\Microsoft\WindowsApps;C:\Users\pyohy\AppData\Local\Programs\Microsoft VS Code\bin;C:\texlive\2022\bin\win32;C:\Users\pyohy\.dotnet\tools;C:\Users\pyohy\AppData\Local\Programs\cursor\resources\app\bin;" "gcc -IC:/Ruby31/include/ruby-3.1.0/i386-mingw32 -IC:/Ruby31/include/ruby-3.1.0/ruby/backward -IC:/Ruby31/include/ruby-3.1.0 -I. -IG:/GithubBlog/kanji-jp/vendor/bundle/ruby/3.1.0/gems/nokogiri-1.18.10/ports/i386-mingw32/libxml2/2.13.9/include/libxml2 -IG:/GithubBlog/kanji-jp/vendor/bundle/ruby/3.1.0/gems/nokogiri-1.18.10/ports/i386-mingw32/libiconv/1.18/include -DLIBXML_STATIC -D__USE_MINGW_ANSI_STDIO=1 -DFD_SETSIZE=2048 -D_WIN32_WINNT=0x0600 -D__MINGW_USE_VC2005_COMPAT -D_FILE_OFFSET_BITS=64   "-Idummypath" -IG:/GithubBlog/kanji-jp/vendor/bundle/ruby/3.1.0/gems/nokogiri-1.18.10/ports/i386-mingw32/zlib/1.3.1/include -IG:/GithubBlog/kanji-jp/vendor/bundle/ruby/3.1.0/gems/nokogiri-1.18.10/ports/i386-mingw32/libiconv/1.18/include -DNOKOGIRI_PACKAGED_LIBRARIES -O3 -fno-fast-math -fstack-protector-strong -std=c99 -Wno-declaration-after-statement -O2 -g -Winline -Wmissing-noreturn  -DNOKOGIRI_LIBXML2_PATCHES="\"0001-Remove-script-macro-support.patch 0002-Update-entities-to-remove-handling-of-ssi.patch 0009-allow-wildcard-namespaces.patch 0010-update-config.guess-and-config.sub-for-libxml2.patch 0011-rip-out-libxml2-s-libc_single_threaded-support.patch 0019-xpath-Use-separate-static-hash-table-for-standard-fu.patch\"" -Werror -c conftest.c"
checked program was:
/* begin */
1: #include "ruby.h"
2: 
3: #include <winsock2.h>
4: #include <windows.h>
5: int main(int argc, char **argv)
6: {
7:   return !!argv[argc];
8: }
/* end */

--------------------

have_library: checking for -llzma... -------------------- no

PATH=".;C:/Ruby31/lib;G:\GithubBlog\kanji-jp\vendor\bundle\ruby\3.1.0\gems\nokogiri-1.18.10\ports\i386-mingw32\libxslt\1.1.43\bin;G:\GithubBlog\kanji-jp\vendor\bundle\ruby\3.1.0\gems\nokogiri-1.18.10\ports\i386-mingw32\libxml2\2.13.9\bin;G:\GithubBlog\kanji-jp\vendor\bundle\ruby\3.1.0\gems\nokogiri-1.18.10\ports\i386-mingw32\libiconv\1.18\bin;C:\Ruby31\bin;C:\Ruby31\msys32\mingw32\bin;C:\Ruby31\msys32\usr\bin;c:\program files\imagemagick-7.1.0-q16-hdri;c:\program files\nvidia gpu computing toolkit\cuda\v11.3\bin;c:\program files\nvidia gpu computing toolkit\cuda\v11.3\libnvvp;c:\program files\common files\oracle\java\javapath;c:\windows\system32;c:\windows;c:\windows\system32\wbem;c:\windows\system32\windowspowershell\v1.0\;c:\windows\system32\openssh\;c:\program files\bandizip\;c:\program files\git\cmd;c:\program files\nvidia corporation\nsight compute 2021.1.0\;c:\program files\matlab\r2022a\runtime\win64;c:\program files\matlab\r2022a\bin;c:\program files (x86)\gs\gs9.56.1\bin;c:\program files\dotnet\;c:\program files\mingw64\bin;c:\users\pyohy\appdata\local\programs\cursor\resources\app\bin;c:\program files\nvidia corporation\nvidia app\nvdlisr;C:\Program Files (x86)\NVIDIA Corporation\PhysX\Common;C:\python;C:\python\Scripts;G:\poppler-24.08.0;G:\poppler-24.08.0\Library\bin;C:\Program Files\Mullvad VPN\resources;C:\WINDOWS\system32;C:\WINDOWS;C:\WINDOWS\System32\Wbem;C:\WINDOWS\System32\WindowsPowerShell\v1.0\;C:\WINDOWS\System32\OpenSSH\;C:\python\Scripts\;C:\python\;C:\Ruby31\bin;C:\Users\pyohy\AppData\Local\Microsoft\WindowsApps;C:\Users\pyohy\AppData\Local\Programs\Microsoft VS Code\bin;C:\texlive\2022\bin\win32;C:\Users\pyohy\.dotnet\tools;C:\Users\pyohy\AppData\Local\Programs\cursor\resources\app\bin;" "gcc -o conftest.exe -IC:/Ruby31/include/ruby-3.1.0/i386-mingw32 -IC:/Ruby31/include/ruby-3.1.0/ruby/backward -IC:/Ruby31/include/ruby-3.1.0 -I. -IG:/GithubBlog/kanji-jp/vendor/bundle/ruby/3.1.0/gems/nokogiri-1.18.10/ports/i386-mingw32/libxml2/2.13.9/include/libxml2 -IG:/GithubBlog/kanji-jp/vendor/bundle/ruby/3.1.0/gems/nokogiri-1.18.10/ports/i386-mingw32/libiconv/1.18/include -DLIBXML_STATIC -D__USE_MINGW_ANSI_STDIO=1 -DFD_SETSIZE=2048 -D_WIN32_WINNT=0x0600 -D__MINGW_USE_VC2005_COMPAT -D_FILE_OFFSET_BITS=64   "-Idummypath" -IG:/GithubBlog/kanji-jp/vendor/bundle/ruby/3.1.0/gems/nokogiri-1.18.10/ports/i386-mingw32/zlib/1.3.1/include -IG:/GithubBlog/kanji-jp/vendor/bundle/ruby/3.1.0/gems/nokogiri-1.18.10/ports/i386-mingw32/libiconv/1.18/include -DNOKOGIRI_PACKAGED_LIBRARIES -DNOKOGIRI_LIBXML2_PATCHES="\"0001-Remove-script-macro-support.patch 0002-Update-entities-to-remove-handling-of-ssi.patch 0009-allow-wildcard-namespaces.patch 0010-update-config.guess-and-config.sub-for-libxml2.patch 0011-rip-out-libxml2-s-libc_single_threaded-support.patch 0019-xpath-Use-separate-static-hash-table-for-standard-fu.patch\"" -O3 -fno-fast-math -fstack-protector-strong -std=c99 -Wno-declaration-after-statement -O2 -g -Winline -Wmissing-noreturn conftest.c  -L. -LC:/Ruby31/lib -LG:/GithubBlog/kanji-jp/vendor/bundle/ruby/3.1.0/gems/nokogiri-1.18.10/ports/i386-mingw32/libiconv/1.18/lib -LG:/GithubBlog/kanji-jp/vendor/bundle/ruby/3.1.0/gems/nokogiri-1.18.10/ports/i386-mingw32/zlib/1.3.1/lib -LG:/GithubBlog/kanji-jp/vendor/bundle/ruby/3.1.0/gems/nokogiri-1.18.10/ports/i386-mingw32/libxml2/2.13.9/lib -L. -pipe -s -fstack-protector-strong -Wl,--no-as-needed    -liconv -lz  -lmsvcrt-ruby310 -llzma -liconv -lz  -lshell32 -lws2_32 -liphlpapi -limagehlp -lshlwapi -lbcrypt  "
C:/Ruby31/msys32/mingw32/bin/../lib/gcc/i686-w64-mingw32/12.1.0/../../../../i686-w64-mingw32/bin/ld.exe: cannot find -llzma: No such file or directory
collect2.exe: error: ld returned 1 exit status
checked program was:
/* begin */
 1: #include "ruby.h"
 2: 
 3: #include <winsock2.h>
 4: #include <windows.h>
 5: 
 6: /*top*/
 7: extern int t(void);
 8: int main(int argc, char **argv)
 9: {
10:   if (argc > 1000000) {
11:     int (* volatile tp)(void)=(int (*)(void))&t;
12:     printf("%d", (*tp)());
13:   }
14: 
15:   return !!argv[argc];
16: }
17: 
18: int t(void) { ; return 0; }
/* end */

--------------------

have_library: checking for -lliblzma... -------------------- no

PATH=".;C:/Ruby31/lib;G:\GithubBlog\kanji-jp\vendor\bundle\ruby\3.1.0\gems\nokogiri-1.18.10\ports\i386-mingw32\libxslt\1.1.43\bin;G:\GithubBlog\kanji-jp\vendor\bundle\ruby\3.1.0\gems\nokogiri-1.18.10\ports\i386-mingw32\libxml2\2.13.9\bin;G:\GithubBlog\kanji-jp\vendor\bundle\ruby\3.1.0\gems\nokogiri-1.18.10\ports\i386-mingw32\libiconv\1.18\bin;C:\Ruby31\bin;C:\Ruby31\msys32\mingw32\bin;C:\Ruby31\msys32\usr\bin;c:\program files\imagemagick-7.1.0-q16-hdri;c:\program files\nvidia gpu computing toolkit\cuda\v11.3\bin;c:\program files\nvidia gpu computing toolkit\cuda\v11.3\libnvvp;c:\program files\common files\oracle\java\javapath;c:\windows\system32;c:\windows;c:\windows\system32\wbem;c:\windows\system32\windowspowershell\v1.0\;c:\windows\system32\openssh\;c:\program files\bandizip\;c:\program files\git\cmd;c:\program files\nvidia corporation\nsight compute 2021.1.0\;c:\program files\matlab\r2022a\runtime\win64;c:\program files\matlab\r2022a\bin;c:\program files (x86)\gs\gs9.56.1\bin;c:\program files\dotnet\;c:\program files\mingw64\bin;c:\users\pyohy\appdata\local\programs\cursor\resources\app\bin;c:\program files\nvidia corporation\nvidia app\nvdlisr;C:\Program Files (x86)\NVIDIA Corporation\PhysX\Common;C:\python;C:\python\Scripts;G:\poppler-24.08.0;G:\poppler-24.08.0\Library\bin;C:\Program Files\Mullvad VPN\resources;C:\WINDOWS\system32;C:\WINDOWS;C:\WINDOWS\System32\Wbem;C:\WINDOWS\System32\WindowsPowerShell\v1.0\;C:\WINDOWS\System32\OpenSSH\;C:\python\Scripts\;C:\python\;C:\Ruby31\bin;C:\Users\pyohy\AppData\Local\Microsoft\WindowsApps;C:\Users\pyohy\AppData\Local\Programs\Microsoft VS Code\bin;C:\texlive\2022\bin\win32;C:\Users\pyohy\.dotnet\tools;C:\Users\pyohy\AppData\Local\Programs\cursor\resources\app\bin;" "gcc -o conftest.exe -IC:/Ruby31/include/ruby-3.1.0/i386-mingw32 -IC:/Ruby31/include/ruby-3.1.0/ruby/backward -IC:/Ruby31/include/ruby-3.1.0 -I. -IG:/GithubBlog/kanji-jp/vendor/bundle/ruby/3.1.0/gems/nokogiri-1.18.10/ports/i386-mingw32/libxml2/2.13.9/include/libxml2 -IG:/GithubBlog/kanji-jp/vendor/bundle/ruby/3.1.0/gems/nokogiri-1.18.10/ports/i386-mingw32/libiconv/1.18/include -DLIBXML_STATIC -D__USE_MINGW_ANSI_STDIO=1 -DFD_SETSIZE=2048 -D_WIN32_WINNT=0x0600 -D__MINGW_USE_VC2005_COMPAT -D_FILE_OFFSET_BITS=64   "-Idummypath" -IG:/GithubBlog/kanji-jp/vendor/bundle/ruby/3.1.0/gems/nokogiri-1.18.10/ports/i386-mingw32/zlib/1.3.1/include -IG:/GithubBlog/kanji-jp/vendor/bundle/ruby/3.1.0/gems/nokogiri-1.18.10/ports/i386-mingw32/libiconv/1.18/include -DNOKOGIRI_PACKAGED_LIBRARIES -DNOKOGIRI_LIBXML2_PATCHES="\"0001-Remove-script-macro-support.patch 0002-Update-entities-to-remove-handling-of-ssi.patch 0009-allow-wildcard-namespaces.patch 0010-update-config.guess-and-config.sub-for-libxml2.patch 0011-rip-out-libxml2-s-libc_single_threaded-support.patch 0019-xpath-Use-separate-static-hash-table-for-standard-fu.patch\"" -O3 -fno-fast-math -fstack-protector-strong -std=c99 -Wno-declaration-after-statement -O2 -g -Winline -Wmissing-noreturn conftest.c  -L. -LC:/Ruby31/lib -LG:/GithubBlog/kanji-jp/vendor/bundle/ruby/3.1.0/gems/nokogiri-1.18.10/ports/i386-mingw32/libiconv/1.18/lib -LG:/GithubBlog/kanji-jp/vendor/bundle/ruby/3.1.0/gems/nokogiri-1.18.10/ports/i386-mingw32/zlib/1.3.1/lib -LG:/GithubBlog/kanji-jp/vendor/bundle/ruby/3.1.0/gems/nokogiri-1.18.10/ports/i386-mingw32/libxml2/2.13.9/lib -L. -pipe -s -fstack-protector-strong -Wl,--no-as-needed    -liconv -lz  -lmsvcrt-ruby310 -lliblzma -liconv -lz  -lshell32 -lws2_32 -liphlpapi -limagehlp -lshlwapi -lbcrypt  "
C:/Ruby31/msys32/mingw32/bin/../lib/gcc/i686-w64-mingw32/12.1.0/../../../../i686-w64-mingw32/bin/ld.exe: cannot find -lliblzma: No such file or directory
collect2.exe: error: ld returned 1 exit status
checked program was:
/* begin */
 1: #include "ruby.h"
 2: 
 3: #include <winsock2.h>
 4: #include <windows.h>
 5: 
 6: /*top*/
 7: extern int t(void);
 8: int main(int argc, char **argv)
 9: {
10:   if (argc > 1000000) {
11:     int (* volatile tp)(void)=(int (*)(void))&t;
12:     printf("%d", (*tp)());
13:   }
14: 
15:   return !!argv[argc];
16: }
17: 
18: int t(void) { ; return 0; }
/* end */

--------------------

block in append_cppflags: checking for whether -DNOKOGIRI_LIBXSLT_PATCHES="\"0001-update-config.guess-and-config.sub-for-libxslt.patch\"" is accepted as CPPFLAGS... -------------------- yes

PATH=".;C:/Ruby31/lib;G:\GithubBlog\kanji-jp\vendor\bundle\ruby\3.1.0\gems\nokogiri-1.18.10\ports\i386-mingw32\libxslt\1.1.43\bin;G:\GithubBlog\kanji-jp\vendor\bundle\ruby\3.1.0\gems\nokogiri-1.18.10\ports\i386-mingw32\libxml2\2.13.9\bin;G:\GithubBlog\kanji-jp\vendor\bundle\ruby\3.1.0\gems\nokogiri-1.18.10\ports\i386-mingw32\libiconv\1.18\bin;C:\Ruby31\bin;C:\Ruby31\msys32\mingw32\bin;C:\Ruby31\msys32\usr\bin;c:\program files\imagemagick-7.1.0-q16-hdri;c:\program files\nvidia gpu computing toolkit\cuda\v11.3\bin;c:\program files\nvidia gpu computing toolkit\cuda\v11.3\libnvvp;c:\program files\common files\oracle\java\javapath;c:\windows\system32;c:\windows;c:\windows\system32\wbem;c:\windows\system32\windowspowershell\v1.0\;c:\windows\system32\openssh\;c:\program files\bandizip\;c:\program files\git\cmd;c:\program files\nvidia corporation\nsight compute 2021.1.0\;c:\program files\matlab\r2022a\runtime\win64;c:\program files\matlab\r2022a\bin;c:\program files (x86)\gs\gs9.56.1\bin;c:\program files\dotnet\;c:\program files\mingw64\bin;c:\users\pyohy\appdata\local\programs\cursor\resources\app\bin;c:\program files\nvidia corporation\nvidia app\nvdlisr;C:\Program Files (x86)\NVIDIA Corporation\PhysX\Common;C:\python;C:\python\Scripts;G:\poppler-24.08.0;G:\poppler-24.08.0\Library\bin;C:\Program Files\Mullvad VPN\resources;C:\WINDOWS\system32;C:\WINDOWS;C:\WINDOWS\System32\Wbem;C:\WINDOWS\System32\WindowsPowerShell\v1.0\;C:\WINDOWS\System32\OpenSSH\;C:\python\Scripts\;C:\python\;C:\Ruby31\bin;C:\Users\pyohy\AppData\Local\Microsoft\WindowsApps;C:\Users\pyohy\AppData\Local\Programs\Microsoft VS Code\bin;C:\texlive\2022\bin\win32;C:\Users\pyohy\.dotnet\tools;C:\Users\pyohy\AppData\Local\Programs\cursor\resources\app\bin;" "gcc -IC:/Ruby31/include/ruby-3.1.0/i386-mingw32 -IC:/Ruby31/include/ruby-3.1.0/ruby/backward -IC:/Ruby31/include/ruby-3.1.0 -I. -IG:/GithubBlog/kanji-jp/vendor/bundle/ruby/3.1.0/gems/nokogiri-1.18.10/ports/i386-mingw32/libxml2/2.13.9/include/libxml2 -IG:/GithubBlog/kanji-jp/vendor/bundle/ruby/3.1.0/gems/nokogiri-1.18.10/ports/i386-mingw32/libiconv/1.18/include -DLIBXML_STATIC -DLIBXSLT_STATIC -DLIBEXSLT_STATIC -IG:/GithubBlog/kanji-jp/vendor/bundle/ruby/3.1.0/gems/nokogiri-1.18.10/ports/i386-mingw32/libxslt/1.1.43/include -IG:/GithubBlog/kanji-jp/vendor/bundle/ruby/3.1.0/gems/nokogiri-1.18.10/ports/i386-mingw32/libxml2/2.13.9/include/libxml2 -IG:/GithubBlog/kanji-jp/vendor/bundle/ruby/3.1.0/gems/nokogiri-1.18.10/ports/i386-mingw32/libiconv/1.18/include -DLIBXML_STATIC -D__USE_MINGW_ANSI_STDIO=1 -DFD_SETSIZE=2048 -D_WIN32_WINNT=0x0600 -D__MINGW_USE_VC2005_COMPAT -D_FILE_OFFSET_BITS=64   "-Idummypath" -IG:/GithubBlog/kanji-jp/vendor/bundle/ruby/3.1.0/gems/nokogiri-1.18.10/ports/i386-mingw32/zlib/1.3.1/include -IG:/GithubBlog/kanji-jp/vendor/bundle/ruby/3.1.0/gems/nokogiri-1.18.10/ports/i386-mingw32/libiconv/1.18/include -DNOKOGIRI_PACKAGED_LIBRARIES -DNOKOGIRI_LIBXML2_PATCHES="\"0001-Remove-script-macro-support.patch 0002-Update-entities-to-remove-handling-of-ssi.patch 0009-allow-wildcard-namespaces.patch 0010-update-config.guess-and-config.sub-for-libxml2.patch 0011-rip-out-libxml2-s-libc_single_threaded-support.patch 0019-xpath-Use-separate-static-hash-table-for-standard-fu.patch\"" -O3 -fno-fast-math -fstack-protector-strong -std=c99 -Wno-declaration-after-statement -O2 -g -Winline -Wmissing-noreturn  -DNOKOGIRI_LIBXSLT_PATCHES="\"0001-update-config.guess-and-config.sub-for-libxslt.patch\"" -Werror -c conftest.c"
checked program was:
/* begin */
1: #include "ruby.h"
2: 
3: #include <winsock2.h>
4: #include <windows.h>
5: int main(int argc, char **argv)
6: {
7:   return !!argv[argc];
8: }
/* end */

--------------------

have_func: checking for xmlParseDoc() in libxml/parser.h... -------------------- yes

PATH=".;C:/Ruby31/lib;G:\GithubBlog\kanji-jp\vendor\bundle\ruby\3.1.0\gems\nokogiri-1.18.10\ports\i386-mingw32\libxslt\1.1.43\bin;G:\GithubBlog\kanji-jp\vendor\bundle\ruby\3.1.0\gems\nokogiri-1.18.10\ports\i386-mingw32\libxml2\2.13.9\bin;G:\GithubBlog\kanji-jp\vendor\bundle\ruby\3.1.0\gems\nokogiri-1.18.10\ports\i386-mingw32\libiconv\1.18\bin;C:\Ruby31\bin;C:\Ruby31\msys32\mingw32\bin;C:\Ruby31\msys32\usr\bin;c:\program files\imagemagick-7.1.0-q16-hdri;c:\program files\nvidia gpu computing toolkit\cuda\v11.3\bin;c:\program files\nvidia gpu computing toolkit\cuda\v11.3\libnvvp;c:\program files\common files\oracle\java\javapath;c:\windows\system32;c:\windows;c:\windows\system32\wbem;c:\windows\system32\windowspowershell\v1.0\;c:\windows\system32\openssh\;c:\program files\bandizip\;c:\program files\git\cmd;c:\program files\nvidia corporation\nsight compute 2021.1.0\;c:\program files\matlab\r2022a\runtime\win64;c:\program files\matlab\r2022a\bin;c:\program files (x86)\gs\gs9.56.1\bin;c:\program files\dotnet\;c:\program files\mingw64\bin;c:\users\pyohy\appdata\local\programs\cursor\resources\app\bin;c:\program files\nvidia corporation\nvidia app\nvdlisr;C:\Program Files (x86)\NVIDIA Corporation\PhysX\Common;C:\python;C:\python\Scripts;G:\poppler-24.08.0;G:\poppler-24.08.0\Library\bin;C:\Program Files\Mullvad VPN\resources;C:\WINDOWS\system32;C:\WINDOWS;C:\WINDOWS\System32\Wbem;C:\WINDOWS\System32\WindowsPowerShell\v1.0\;C:\WINDOWS\System32\OpenSSH\;C:\python\Scripts\;C:\python\;C:\Ruby31\bin;C:\Users\pyohy\AppData\Local\Microsoft\WindowsApps;C:\Users\pyohy\AppData\Local\Programs\Microsoft VS Code\bin;C:\texlive\2022\bin\win32;C:\Users\pyohy\.dotnet\tools;C:\Users\pyohy\AppData\Local\Programs\cursor\resources\app\bin;" "gcc -o conftest.exe -IC:/Ruby31/include/ruby-3.1.0/i386-mingw32 -IC:/Ruby31/include/ruby-3.1.0/ruby/backward -IC:/Ruby31/include/ruby-3.1.0 -I. -IG:/GithubBlog/kanji-jp/vendor/bundle/ruby/3.1.0/gems/nokogiri-1.18.10/ports/i386-mingw32/libxml2/2.13.9/include/libxml2 -IG:/GithubBlog/kanji-jp/vendor/bundle/ruby/3.1.0/gems/nokogiri-1.18.10/ports/i386-mingw32/libiconv/1.18/include -DLIBXML_STATIC -DLIBXSLT_STATIC -DLIBEXSLT_STATIC -IG:/GithubBlog/kanji-jp/vendor/bundle/ruby/3.1.0/gems/nokogiri-1.18.10/ports/i386-mingw32/libxslt/1.1.43/include -IG:/GithubBlog/kanji-jp/vendor/bundle/ruby/3.1.0/gems/nokogiri-1.18.10/ports/i386-mingw32/libxml2/2.13.9/include/libxml2 -IG:/GithubBlog/kanji-jp/vendor/bundle/ruby/3.1.0/gems/nokogiri-1.18.10/ports/i386-mingw32/libiconv/1.18/include -DLIBXML_STATIC -D__USE_MINGW_ANSI_STDIO=1 -DFD_SETSIZE=2048 -D_WIN32_WINNT=0x0600 -D__MINGW_USE_VC2005_COMPAT -D_FILE_OFFSET_BITS=64   "-Idummypath" -IG:/GithubBlog/kanji-jp/vendor/bundle/ruby/3.1.0/gems/nokogiri-1.18.10/ports/i386-mingw32/zlib/1.3.1/include -IG:/GithubBlog/kanji-jp/vendor/bundle/ruby/3.1.0/gems/nokogiri-1.18.10/ports/i386-mingw32/libiconv/1.18/include -DNOKOGIRI_PACKAGED_LIBRARIES -DNOKOGIRI_LIBXML2_PATCHES="\"0001-Remove-script-macro-support.patch 0002-Update-entities-to-remove-handling-of-ssi.patch 0009-allow-wildcard-namespaces.patch 0010-update-config.guess-and-config.sub-for-libxml2.patch 0011-rip-out-libxml2-s-libc_single_threaded-support.patch 0019-xpath-Use-separate-static-hash-table-for-standard-fu.patch\"" -DNOKOGIRI_LIBXSLT_PATCHES="\"0001-update-config.guess-and-config.sub-for-libxslt.patch\"" -O3 -fno-fast-math -fstack-protector-strong -std=c99 -Wno-declaration-after-statement -O2 -g -Winline -Wmissing-noreturn conftest.c  -L. -LC:/Ruby31/lib -LG:/GithubBlog/kanji-jp/vendor/bundle/ruby/3.1.0/gems/nokogiri-1.18.10/ports/i386-mingw32/libiconv/1.18/lib -LG:/GithubBlog/kanji-jp/vendor/bundle/ruby/3.1.0/gems/nokogiri-1.18.10/ports/i386-mingw32/zlib/1.3.1/lib -LG:/GithubBlog/kanji-jp/vendor/bundle/ruby/3.1.0/gems/nokogiri-1.18.10/ports/i386-mingw32/libxml2/2.13.9/lib -LG:/GithubBlog/kanji-jp/vendor/bundle/ruby/3.1.0/gems/nokogiri-1.18.10/ports/i386-mingw32/libxslt/1.1.43/lib -L. -pipe -s -fstack-protector-strong -Wl,--no-as-needed    G:/GithubBlog/kanji-jp/vendor/bundle/ruby/3.1.0/gems/nokogiri-1.18.10/ports/i386-mingw32/libxslt/1.1.43/lib/libexslt.a -lm -lbcrypt -lws2_32 -liconv -lz G:/GithubBlog/kanji-jp/vendor/bundle/ruby/3.1.0/gems/nokogiri-1.18.10/ports/i386-mingw32/libxml2/2.13.9/lib/libxml2.a G:/GithubBlog/kanji-jp/vendor/bundle/ruby/3.1.0/gems/nokogiri-1.18.10/ports/i386-mingw32/libxslt/1.1.43/lib/libxslt.a -lbcrypt -lws2_32 -lm -liconv -lz G:/GithubBlog/kanji-jp/vendor/bundle/ruby/3.1.0/gems/nokogiri-1.18.10/ports/i386-mingw32/libxml2/2.13.9/lib/libxml2.a -liconv -lz -lmsvcrt-ruby310 G:/GithubBlog/kanji-jp/vendor/bundle/ruby/3.1.0/gems/nokogiri-1.18.10/ports/i386-mingw32/libxslt/1.1.43/lib/libexslt.a -lm -lbcrypt -lws2_32 -liconv -lz G:/GithubBlog/kanji-jp/vendor/bundle/ruby/3.1.0/gems/nokogiri-1.18.10/ports/i386-mingw32/libxml2/2.13.9/lib/libxml2.a G:/GithubBlog/kanji-jp/vendor/bundle/ruby/3.1.0/gems/nokogiri-1.18.10/ports/i386-mingw32/libxslt/1.1.43/lib/libxslt.a -lbcrypt -lws2_32 -lm -liconv -lz G:/GithubBlog/kanji-jp/vendor/bundle/ruby/3.1.0/gems/nokogiri-1.18.10/ports/i386-mingw32/libxml2/2.13.9/lib/libxml2.a -liconv -lz -lshell32 -lws2_32 -liphlpapi -limagehlp -lshlwapi -lbcrypt  "
checked program was:
/* begin */
 1: #include "ruby.h"
 2: 
 3: #include <winsock2.h>
 4: #include <windows.h>
 5: #include <libxml/parser.h>
 6: 
 7: /*top*/
 8: extern int t(void);
 9: int main(int argc, char **argv)
10: {
11:   if (argc > 1000000) {
12:     int (* volatile tp)(void)=(int (*)(void))&t;
13:     printf("%d", (*tp)());
14:   }
15: 
16:   return !!argv[argc];
17: }
18: int t(void) { void ((*volatile p)()); p = (void ((*)()))xmlParseDoc; return !p; }
/* end */

--------------------

have_func: checking for xsltParseStylesheetDoc() in libxslt/xslt.h... -------------------- yes

PATH=".;C:/Ruby31/lib;G:\GithubBlog\kanji-jp\vendor\bundle\ruby\3.1.0\gems\nokogiri-1.18.10\ports\i386-mingw32\libxslt\1.1.43\bin;G:\GithubBlog\kanji-jp\vendor\bundle\ruby\3.1.0\gems\nokogiri-1.18.10\ports\i386-mingw32\libxml2\2.13.9\bin;G:\GithubBlog\kanji-jp\vendor\bundle\ruby\3.1.0\gems\nokogiri-1.18.10\ports\i386-mingw32\libiconv\1.18\bin;C:\Ruby31\bin;C:\Ruby31\msys32\mingw32\bin;C:\Ruby31\msys32\usr\bin;c:\program files\imagemagick-7.1.0-q16-hdri;c:\program files\nvidia gpu computing toolkit\cuda\v11.3\bin;c:\program files\nvidia gpu computing toolkit\cuda\v11.3\libnvvp;c:\program files\common files\oracle\java\javapath;c:\windows\system32;c:\windows;c:\windows\system32\wbem;c:\windows\system32\windowspowershell\v1.0\;c:\windows\system32\openssh\;c:\program files\bandizip\;c:\program files\git\cmd;c:\program files\nvidia corporation\nsight compute 2021.1.0\;c:\program files\matlab\r2022a\runtime\win64;c:\program files\matlab\r2022a\bin;c:\program files (x86)\gs\gs9.56.1\bin;c:\program files\dotnet\;c:\program files\mingw64\bin;c:\users\pyohy\appdata\local\programs\cursor\resources\app\bin;c:\program files\nvidia corporation\nvidia app\nvdlisr;C:\Program Files (x86)\NVIDIA Corporation\PhysX\Common;C:\python;C:\python\Scripts;G:\poppler-24.08.0;G:\poppler-24.08.0\Library\bin;C:\Program Files\Mullvad VPN\resources;C:\WINDOWS\system32;C:\WINDOWS;C:\WINDOWS\System32\Wbem;C:\WINDOWS\System32\WindowsPowerShell\v1.0\;C:\WINDOWS\System32\OpenSSH\;C:\python\Scripts\;C:\python\;C:\Ruby31\bin;C:\Users\pyohy\AppData\Local\Microsoft\WindowsApps;C:\Users\pyohy\AppData\Local\Programs\Microsoft VS Code\bin;C:\texlive\2022\bin\win32;C:\Users\pyohy\.dotnet\tools;C:\Users\pyohy\AppData\Local\Programs\cursor\resources\app\bin;" "gcc -o conftest.exe -IC:/Ruby31/include/ruby-3.1.0/i386-mingw32 -IC:/Ruby31/include/ruby-3.1.0/ruby/backward -IC:/Ruby31/include/ruby-3.1.0 -I. -IG:/GithubBlog/kanji-jp/vendor/bundle/ruby/3.1.0/gems/nokogiri-1.18.10/ports/i386-mingw32/libxml2/2.13.9/include/libxml2 -IG:/GithubBlog/kanji-jp/vendor/bundle/ruby/3.1.0/gems/nokogiri-1.18.10/ports/i386-mingw32/libiconv/1.18/include -DLIBXML_STATIC -DLIBXSLT_STATIC -DLIBEXSLT_STATIC -IG:/GithubBlog/kanji-jp/vendor/bundle/ruby/3.1.0/gems/nokogiri-1.18.10/ports/i386-mingw32/libxslt/1.1.43/include -IG:/GithubBlog/kanji-jp/vendor/bundle/ruby/3.1.0/gems/nokogiri-1.18.10/ports/i386-mingw32/libxml2/2.13.9/include/libxml2 -IG:/GithubBlog/kanji-jp/vendor/bundle/ruby/3.1.0/gems/nokogiri-1.18.10/ports/i386-mingw32/libiconv/1.18/include -DLIBXML_STATIC -D__USE_MINGW_ANSI_STDIO=1 -DFD_SETSIZE=2048 -D_WIN32_WINNT=0x0600 -D__MINGW_USE_VC2005_COMPAT -D_FILE_OFFSET_BITS=64   "-Idummypath" -IG:/GithubBlog/kanji-jp/vendor/bundle/ruby/3.1.0/gems/nokogiri-1.18.10/ports/i386-mingw32/zlib/1.3.1/include -IG:/GithubBlog/kanji-jp/vendor/bundle/ruby/3.1.0/gems/nokogiri-1.18.10/ports/i386-mingw32/libiconv/1.18/include -DNOKOGIRI_PACKAGED_LIBRARIES -DNOKOGIRI_LIBXML2_PATCHES="\"0001-Remove-script-macro-support.patch 0002-Update-entities-to-remove-handling-of-ssi.patch 0009-allow-wildcard-namespaces.patch 0010-update-config.guess-and-config.sub-for-libxml2.patch 0011-rip-out-libxml2-s-libc_single_threaded-support.patch 0019-xpath-Use-separate-static-hash-table-for-standard-fu.patch\"" -DNOKOGIRI_LIBXSLT_PATCHES="\"0001-update-config.guess-and-config.sub-for-libxslt.patch\"" -O3 -fno-fast-math -fstack-protector-strong -std=c99 -Wno-declaration-after-statement -O2 -g -Winline -Wmissing-noreturn conftest.c  -L. -LC:/Ruby31/lib -LG:/GithubBlog/kanji-jp/vendor/bundle/ruby/3.1.0/gems/nokogiri-1.18.10/ports/i386-mingw32/libiconv/1.18/lib -LG:/GithubBlog/kanji-jp/vendor/bundle/ruby/3.1.0/gems/nokogiri-1.18.10/ports/i386-mingw32/zlib/1.3.1/lib -LG:/GithubBlog/kanji-jp/vendor/bundle/ruby/3.1.0/gems/nokogiri-1.18.10/ports/i386-mingw32/libxml2/2.13.9/lib -LG:/GithubBlog/kanji-jp/vendor/bundle/ruby/3.1.0/gems/nokogiri-1.18.10/ports/i386-mingw32/libxslt/1.1.43/lib -L. -pipe -s -fstack-protector-strong -Wl,--no-as-needed    G:/GithubBlog/kanji-jp/vendor/bundle/ruby/3.1.0/gems/nokogiri-1.18.10/ports/i386-mingw32/libxslt/1.1.43/lib/libexslt.a -lm -lbcrypt -lws2_32 -liconv -lz G:/GithubBlog/kanji-jp/vendor/bundle/ruby/3.1.0/gems/nokogiri-1.18.10/ports/i386-mingw32/libxml2/2.13.9/lib/libxml2.a G:/GithubBlog/kanji-jp/vendor/bundle/ruby/3.1.0/gems/nokogiri-1.18.10/ports/i386-mingw32/libxslt/1.1.43/lib/libxslt.a -lbcrypt -lws2_32 -lm -liconv -lz G:/GithubBlog/kanji-jp/vendor/bundle/ruby/3.1.0/gems/nokogiri-1.18.10/ports/i386-mingw32/libxml2/2.13.9/lib/libxml2.a -liconv -lz -lmsvcrt-ruby310 G:/GithubBlog/kanji-jp/vendor/bundle/ruby/3.1.0/gems/nokogiri-1.18.10/ports/i386-mingw32/libxslt/1.1.43/lib/libexslt.a -lm -lbcrypt -lws2_32 -liconv -lz G:/GithubBlog/kanji-jp/vendor/bundle/ruby/3.1.0/gems/nokogiri-1.18.10/ports/i386-mingw32/libxml2/2.13.9/lib/libxml2.a G:/GithubBlog/kanji-jp/vendor/bundle/ruby/3.1.0/gems/nokogiri-1.18.10/ports/i386-mingw32/libxslt/1.1.43/lib/libxslt.a -lbcrypt -lws2_32 -lm -liconv -lz G:/GithubBlog/kanji-jp/vendor/bundle/ruby/3.1.0/gems/nokogiri-1.18.10/ports/i386-mingw32/libxml2/2.13.9/lib/libxml2.a -liconv -lz -lshell32 -lws2_32 -liphlpapi -limagehlp -lshlwapi -lbcrypt  "
conftest.c: In function 't':
conftest.c:18:57: error: 'xsltParseStylesheetDoc' undeclared (first use in this function)
   18 | int t(void) { void ((*volatile p)()); p = (void ((*)()))xsltParseStylesheetDoc; return !p; }
      |                                                         ^~~~~~~~~~~~~~~~~~~~~~
conftest.c:18:57: note: each undeclared identifier is reported only once for each function it appears in
checked program was:
/* begin */
 1: #include "ruby.h"
 2: 
 3: #include <winsock2.h>
 4: #include <windows.h>
 5: #include <libxslt/xslt.h>
 6: 
 7: /*top*/
 8: extern int t(void);
 9: int main(int argc, char **argv)
10: {
11:   if (argc > 1000000) {
12:     int (* volatile tp)(void)=(int (*)(void))&t;
13:     printf("%d", (*tp)());
14:   }
15: 
16:   return !!argv[argc];
17: }
18: int t(void) { void ((*volatile p)()); p = (void ((*)()))xsltParseStylesheetDoc; return !p; }
/* end */

PATH=".;C:/Ruby31/lib;G:\GithubBlog\kanji-jp\vendor\bundle\ruby\3.1.0\gems\nokogiri-1.18.10\ports\i386-mingw32\libxslt\1.1.43\bin;G:\GithubBlog\kanji-jp\vendor\bundle\ruby\3.1.0\gems\nokogiri-1.18.10\ports\i386-mingw32\libxml2\2.13.9\bin;G:\GithubBlog\kanji-jp\vendor\bundle\ruby\3.1.0\gems\nokogiri-1.18.10\ports\i386-mingw32\libiconv\1.18\bin;C:\Ruby31\bin;C:\Ruby31\msys32\mingw32\bin;C:\Ruby31\msys32\usr\bin;c:\program files\imagemagick-7.1.0-q16-hdri;c:\program files\nvidia gpu computing toolkit\cuda\v11.3\bin;c:\program files\nvidia gpu computing toolkit\cuda\v11.3\libnvvp;c:\program files\common files\oracle\java\javapath;c:\windows\system32;c:\windows;c:\windows\system32\wbem;c:\windows\system32\windowspowershell\v1.0\;c:\windows\system32\openssh\;c:\program files\bandizip\;c:\program files\git\cmd;c:\program files\nvidia corporation\nsight compute 2021.1.0\;c:\program files\matlab\r2022a\runtime\win64;c:\program files\matlab\r2022a\bin;c:\program files (x86)\gs\gs9.56.1\bin;c:\program files\dotnet\;c:\program files\mingw64\bin;c:\users\pyohy\appdata\local\programs\cursor\resources\app\bin;c:\program files\nvidia corporation\nvidia app\nvdlisr;C:\Program Files (x86)\NVIDIA Corporation\PhysX\Common;C:\python;C:\python\Scripts;G:\poppler-24.08.0;G:\poppler-24.08.0\Library\bin;C:\Program Files\Mullvad VPN\resources;C:\WINDOWS\system32;C:\WINDOWS;C:\WINDOWS\System32\Wbem;C:\WINDOWS\System32\WindowsPowerShell\v1.0\;C:\WINDOWS\System32\OpenSSH\;C:\python\Scripts\;C:\python\;C:\Ruby31\bin;C:\Users\pyohy\AppData\Local\Microsoft\WindowsApps;C:\Users\pyohy\AppData\Local\Programs\Microsoft VS Code\bin;C:\texlive\2022\bin\win32;C:\Users\pyohy\.dotnet\tools;C:\Users\pyohy\AppData\Local\Programs\cursor\resources\app\bin;" "gcc -o conftest.exe -IC:/Ruby31/include/ruby-3.1.0/i386-mingw32 -IC:/Ruby31/include/ruby-3.1.0/ruby/backward -IC:/Ruby31/include/ruby-3.1.0 -I. -IG:/GithubBlog/kanji-jp/vendor/bundle/ruby/3.1.0/gems/nokogiri-1.18.10/ports/i386-mingw32/libxml2/2.13.9/include/libxml2 -IG:/GithubBlog/kanji-jp/vendor/bundle/ruby/3.1.0/gems/nokogiri-1.18.10/ports/i386-mingw32/libiconv/1.18/include -DLIBXML_STATIC -DLIBXSLT_STATIC -DLIBEXSLT_STATIC -IG:/GithubBlog/kanji-jp/vendor/bundle/ruby/3.1.0/gems/nokogiri-1.18.10/ports/i386-mingw32/libxslt/1.1.43/include -IG:/GithubBlog/kanji-jp/vendor/bundle/ruby/3.1.0/gems/nokogiri-1.18.10/ports/i386-mingw32/libxml2/2.13.9/include/libxml2 -IG:/GithubBlog/kanji-jp/vendor/bundle/ruby/3.1.0/gems/nokogiri-1.18.10/ports/i386-mingw32/libiconv/1.18/include -DLIBXML_STATIC -D__USE_MINGW_ANSI_STDIO=1 -DFD_SETSIZE=2048 -D_WIN32_WINNT=0x0600 -D__MINGW_USE_VC2005_COMPAT -D_FILE_OFFSET_BITS=64   "-Idummypath" -IG:/GithubBlog/kanji-jp/vendor/bundle/ruby/3.1.0/gems/nokogiri-1.18.10/ports/i386-mingw32/zlib/1.3.1/include -IG:/GithubBlog/kanji-jp/vendor/bundle/ruby/3.1.0/gems/nokogiri-1.18.10/ports/i386-mingw32/libiconv/1.18/include -DNOKOGIRI_PACKAGED_LIBRARIES -DNOKOGIRI_LIBXML2_PATCHES="\"0001-Remove-script-macro-support.patch 0002-Update-entities-to-remove-handling-of-ssi.patch 0009-allow-wildcard-namespaces.patch 0010-update-config.guess-and-config.sub-for-libxml2.patch 0011-rip-out-libxml2-s-libc_single_threaded-support.patch 0019-xpath-Use-separate-static-hash-table-for-standard-fu.patch\"" -DNOKOGIRI_LIBXSLT_PATCHES="\"0001-update-config.guess-and-config.sub-for-libxslt.patch\"" -O3 -fno-fast-math -fstack-protector-strong -std=c99 -Wno-declaration-after-statement -O2 -g -Winline -Wmissing-noreturn conftest.c  -L. -LC:/Ruby31/lib -LG:/GithubBlog/kanji-jp/vendor/bundle/ruby/3.1.0/gems/nokogiri-1.18.10/ports/i386-mingw32/libiconv/1.18/lib -LG:/GithubBlog/kanji-jp/vendor/bundle/ruby/3.1.0/gems/nokogiri-1.18.10/ports/i386-mingw32/zlib/1.3.1/lib -LG:/GithubBlog/kanji-jp/vendor/bundle/ruby/3.1.0/gems/nokogiri-1.18.10/ports/i386-mingw32/libxml2/2.13.9/lib -LG:/GithubBlog/kanji-jp/vendor/bundle/ruby/3.1.0/gems/nokogiri-1.18.10/ports/i386-mingw32/libxslt/1.1.43/lib -L. -pipe -s -fstack-protector-strong -Wl,--no-as-needed    G:/GithubBlog/kanji-jp/vendor/bundle/ruby/3.1.0/gems/nokogiri-1.18.10/ports/i386-mingw32/libxslt/1.1.43/lib/libexslt.a -lm -lbcrypt -lws2_32 -liconv -lz G:/GithubBlog/kanji-jp/vendor/bundle/ruby/3.1.0/gems/nokogiri-1.18.10/ports/i386-mingw32/libxml2/2.13.9/lib/libxml2.a G:/GithubBlog/kanji-jp/vendor/bundle/ruby/3.1.0/gems/nokogiri-1.18.10/ports/i386-mingw32/libxslt/1.1.43/lib/libxslt.a -lbcrypt -lws2_32 -lm -liconv -lz G:/GithubBlog/kanji-jp/vendor/bundle/ruby/3.1.0/gems/nokogiri-1.18.10/ports/i386-mingw32/libxml2/2.13.9/lib/libxml2.a -liconv -lz -lmsvcrt-ruby310 G:/GithubBlog/kanji-jp/vendor/bundle/ruby/3.1.0/gems/nokogiri-1.18.10/ports/i386-mingw32/libxslt/1.1.43/lib/libexslt.a -lm -lbcrypt -lws2_32 -liconv -lz G:/GithubBlog/kanji-jp/vendor/bundle/ruby/3.1.0/gems/nokogiri-1.18.10/ports/i386-mingw32/libxml2/2.13.9/lib/libxml2.a G:/GithubBlog/kanji-jp/vendor/bundle/ruby/3.1.0/gems/nokogiri-1.18.10/ports/i386-mingw32/libxslt/1.1.43/lib/libxslt.a -lbcrypt -lws2_32 -lm -liconv -lz G:/GithubBlog/kanji-jp/vendor/bundle/ruby/3.1.0/gems/nokogiri-1.18.10/ports/i386-mingw32/libxml2/2.13.9/lib/libxml2.a -liconv -lz -lshell32 -lws2_32 -liphlpapi -limagehlp -lshlwapi -lbcrypt  "
checked program was:
/* begin */
 1: #include "ruby.h"
 2: 
 3: #include <winsock2.h>
 4: #include <windows.h>
 5: #include <libxslt/xslt.h>
 6: 
 7: /*top*/
 8: extern int t(void);
 9: int main(int argc, char **argv)
10: {
11:   if (argc > 1000000) {
12:     int (* volatile tp)(void)=(int (*)(void))&t;
13:     printf("%d", (*tp)());
14:   }
15: 
16:   return !!argv[argc];
17: }
18: extern void xsltParseStylesheetDoc();
19: int t(void) { xsltParseStylesheetDoc(); return 0; }
/* end */

--------------------

have_func: checking for exsltFuncRegister() in libexslt/exslt.h... -------------------- yes

PATH=".;C:/Ruby31/lib;G:\GithubBlog\kanji-jp\vendor\bundle\ruby\3.1.0\gems\nokogiri-1.18.10\ports\i386-mingw32\libxslt\1.1.43\bin;G:\GithubBlog\kanji-jp\vendor\bundle\ruby\3.1.0\gems\nokogiri-1.18.10\ports\i386-mingw32\libxml2\2.13.9\bin;G:\GithubBlog\kanji-jp\vendor\bundle\ruby\3.1.0\gems\nokogiri-1.18.10\ports\i386-mingw32\libiconv\1.18\bin;C:\Ruby31\bin;C:\Ruby31\msys32\mingw32\bin;C:\Ruby31\msys32\usr\bin;c:\program files\imagemagick-7.1.0-q16-hdri;c:\program files\nvidia gpu computing toolkit\cuda\v11.3\bin;c:\program files\nvidia gpu computing toolkit\cuda\v11.3\libnvvp;c:\program files\common files\oracle\java\javapath;c:\windows\system32;c:\windows;c:\windows\system32\wbem;c:\windows\system32\windowspowershell\v1.0\;c:\windows\system32\openssh\;c:\program files\bandizip\;c:\program files\git\cmd;c:\program files\nvidia corporation\nsight compute 2021.1.0\;c:\program files\matlab\r2022a\runtime\win64;c:\program files\matlab\r2022a\bin;c:\program files (x86)\gs\gs9.56.1\bin;c:\program files\dotnet\;c:\program files\mingw64\bin;c:\users\pyohy\appdata\local\programs\cursor\resources\app\bin;c:\program files\nvidia corporation\nvidia app\nvdlisr;C:\Program Files (x86)\NVIDIA Corporation\PhysX\Common;C:\python;C:\python\Scripts;G:\poppler-24.08.0;G:\poppler-24.08.0\Library\bin;C:\Program Files\Mullvad VPN\resources;C:\WINDOWS\system32;C:\WINDOWS;C:\WINDOWS\System32\Wbem;C:\WINDOWS\System32\WindowsPowerShell\v1.0\;C:\WINDOWS\System32\OpenSSH\;C:\python\Scripts\;C:\python\;C:\Ruby31\bin;C:\Users\pyohy\AppData\Local\Microsoft\WindowsApps;C:\Users\pyohy\AppData\Local\Programs\Microsoft VS Code\bin;C:\texlive\2022\bin\win32;C:\Users\pyohy\.dotnet\tools;C:\Users\pyohy\AppData\Local\Programs\cursor\resources\app\bin;" "gcc -o conftest.exe -IC:/Ruby31/include/ruby-3.1.0/i386-mingw32 -IC:/Ruby31/include/ruby-3.1.0/ruby/backward -IC:/Ruby31/include/ruby-3.1.0 -I. -IG:/GithubBlog/kanji-jp/vendor/bundle/ruby/3.1.0/gems/nokogiri-1.18.10/ports/i386-mingw32/libxml2/2.13.9/include/libxml2 -IG:/GithubBlog/kanji-jp/vendor/bundle/ruby/3.1.0/gems/nokogiri-1.18.10/ports/i386-mingw32/libiconv/1.18/include -DLIBXML_STATIC -DLIBXSLT_STATIC -DLIBEXSLT_STATIC -IG:/GithubBlog/kanji-jp/vendor/bundle/ruby/3.1.0/gems/nokogiri-1.18.10/ports/i386-mingw32/libxslt/1.1.43/include -IG:/GithubBlog/kanji-jp/vendor/bundle/ruby/3.1.0/gems/nokogiri-1.18.10/ports/i386-mingw32/libxml2/2.13.9/include/libxml2 -IG:/GithubBlog/kanji-jp/vendor/bundle/ruby/3.1.0/gems/nokogiri-1.18.10/ports/i386-mingw32/libiconv/1.18/include -DLIBXML_STATIC -D__USE_MINGW_ANSI_STDIO=1 -DFD_SETSIZE=2048 -D_WIN32_WINNT=0x0600 -D__MINGW_USE_VC2005_COMPAT -D_FILE_OFFSET_BITS=64   "-Idummypath" -IG:/GithubBlog/kanji-jp/vendor/bundle/ruby/3.1.0/gems/nokogiri-1.18.10/ports/i386-mingw32/zlib/1.3.1/include -IG:/GithubBlog/kanji-jp/vendor/bundle/ruby/3.1.0/gems/nokogiri-1.18.10/ports/i386-mingw32/libiconv/1.18/include -DNOKOGIRI_PACKAGED_LIBRARIES -DNOKOGIRI_LIBXML2_PATCHES="\"0001-Remove-script-macro-support.patch 0002-Update-entities-to-remove-handling-of-ssi.patch 0009-allow-wildcard-namespaces.patch 0010-update-config.guess-and-config.sub-for-libxml2.patch 0011-rip-out-libxml2-s-libc_single_threaded-support.patch 0019-xpath-Use-separate-static-hash-table-for-standard-fu.patch\"" -DNOKOGIRI_LIBXSLT_PATCHES="\"0001-update-config.guess-and-config.sub-for-libxslt.patch\"" -O3 -fno-fast-math -fstack-protector-strong -std=c99 -Wno-declaration-after-statement -O2 -g -Winline -Wmissing-noreturn conftest.c  -L. -LC:/Ruby31/lib -LG:/GithubBlog/kanji-jp/vendor/bundle/ruby/3.1.0/gems/nokogiri-1.18.10/ports/i386-mingw32/libiconv/1.18/lib -LG:/GithubBlog/kanji-jp/vendor/bundle/ruby/3.1.0/gems/nokogiri-1.18.10/ports/i386-mingw32/zlib/1.3.1/lib -LG:/GithubBlog/kanji-jp/vendor/bundle/ruby/3.1.0/gems/nokogiri-1.18.10/ports/i386-mingw32/libxml2/2.13.9/lib -LG:/GithubBlog/kanji-jp/vendor/bundle/ruby/3.1.0/gems/nokogiri-1.18.10/ports/i386-mingw32/libxslt/1.1.43/lib -L. -pipe -s -fstack-protector-strong -Wl,--no-as-needed    G:/GithubBlog/kanji-jp/vendor/bundle/ruby/3.1.0/gems/nokogiri-1.18.10/ports/i386-mingw32/libxslt/1.1.43/lib/libexslt.a -lm -lbcrypt -lws2_32 -liconv -lz G:/GithubBlog/kanji-jp/vendor/bundle/ruby/3.1.0/gems/nokogiri-1.18.10/ports/i386-mingw32/libxml2/2.13.9/lib/libxml2.a G:/GithubBlog/kanji-jp/vendor/bundle/ruby/3.1.0/gems/nokogiri-1.18.10/ports/i386-mingw32/libxslt/1.1.43/lib/libxslt.a -lbcrypt -lws2_32 -lm -liconv -lz G:/GithubBlog/kanji-jp/vendor/bundle/ruby/3.1.0/gems/nokogiri-1.18.10/ports/i386-mingw32/libxml2/2.13.9/lib/libxml2.a -liconv -lz -lmsvcrt-ruby310 G:/GithubBlog/kanji-jp/vendor/bundle/ruby/3.1.0/gems/nokogiri-1.18.10/ports/i386-mingw32/libxslt/1.1.43/lib/libexslt.a -lm -lbcrypt -lws2_32 -liconv -lz G:/GithubBlog/kanji-jp/vendor/bundle/ruby/3.1.0/gems/nokogiri-1.18.10/ports/i386-mingw32/libxml2/2.13.9/lib/libxml2.a G:/GithubBlog/kanji-jp/vendor/bundle/ruby/3.1.0/gems/nokogiri-1.18.10/ports/i386-mingw32/libxslt/1.1.43/lib/libxslt.a -lbcrypt -lws2_32 -lm -liconv -lz G:/GithubBlog/kanji-jp/vendor/bundle/ruby/3.1.0/gems/nokogiri-1.18.10/ports/i386-mingw32/libxml2/2.13.9/lib/libxml2.a -liconv -lz -lshell32 -lws2_32 -liphlpapi -limagehlp -lshlwapi -lbcrypt  "
checked program was:
/* begin */
 1: #include "ruby.h"
 2: 
 3: #include <winsock2.h>
 4: #include <windows.h>
 5: #include <libexslt/exslt.h>
 6: 
 7: /*top*/
 8: extern int t(void);
 9: int main(int argc, char **argv)
10: {
11:   if (argc > 1000000) {
12:     int (* volatile tp)(void)=(int (*)(void))&t;
13:     printf("%d", (*tp)());
14:   }
15: 
16:   return !!argv[argc];
17: }
18: int t(void) { void ((*volatile p)()); p = (void ((*)()))exsltFuncRegister; return !p; }
/* end */

--------------------

block in append_cppflags: checking for whether -IG:/GithubBlog/kanji-jp/vendor/bundle/ruby/3.1.0/gems/nokogiri-1.18.10/ext/nokogiri/ports/i386-mingw32/libgumbo/1.0.0-nokogiri/include is accepted as CPPFLAGS... -------------------- yes

PATH=".;C:/Ruby31/lib;G:\GithubBlog\kanji-jp\vendor\bundle\ruby\3.1.0\gems\nokogiri-1.18.10\ports\i386-mingw32\libxslt\1.1.43\bin;G:\GithubBlog\kanji-jp\vendor\bundle\ruby\3.1.0\gems\nokogiri-1.18.10\ports\i386-mingw32\libxml2\2.13.9\bin;G:\GithubBlog\kanji-jp\vendor\bundle\ruby\3.1.0\gems\nokogiri-1.18.10\ports\i386-mingw32\libiconv\1.18\bin;C:\Ruby31\bin;C:\Ruby31\msys32\mingw32\bin;C:\Ruby31\msys32\usr\bin;c:\program files\imagemagick-7.1.0-q16-hdri;c:\program files\nvidia gpu computing toolkit\cuda\v11.3\bin;c:\program files\nvidia gpu computing toolkit\cuda\v11.3\libnvvp;c:\program files\common files\oracle\java\javapath;c:\windows\system32;c:\windows;c:\windows\system32\wbem;c:\windows\system32\windowspowershell\v1.0\;c:\windows\system32\openssh\;c:\program files\bandizip\;c:\program files\git\cmd;c:\program files\nvidia corporation\nsight compute 2021.1.0\;c:\program files\matlab\r2022a\runtime\win64;c:\program files\matlab\r2022a\bin;c:\program files (x86)\gs\gs9.56.1\bin;c:\program files\dotnet\;c:\program files\mingw64\bin;c:\users\pyohy\appdata\local\programs\cursor\resources\app\bin;c:\program files\nvidia corporation\nvidia app\nvdlisr;C:\Program Files (x86)\NVIDIA Corporation\PhysX\Common;C:\python;C:\python\Scripts;G:\poppler-24.08.0;G:\poppler-24.08.0\Library\bin;C:\Program Files\Mullvad VPN\resources;C:\WINDOWS\system32;C:\WINDOWS;C:\WINDOWS\System32\Wbem;C:\WINDOWS\System32\WindowsPowerShell\v1.0\;C:\WINDOWS\System32\OpenSSH\;C:\python\Scripts\;C:\python\;C:\Ruby31\bin;C:\Users\pyohy\AppData\Local\Microsoft\WindowsApps;C:\Users\pyohy\AppData\Local\Programs\Microsoft VS Code\bin;C:\texlive\2022\bin\win32;C:\Users\pyohy\.dotnet\tools;C:\Users\pyohy\AppData\Local\Programs\cursor\resources\app\bin;" "gcc -IC:/Ruby31/include/ruby-3.1.0/i386-mingw32 -IC:/Ruby31/include/ruby-3.1.0/ruby/backward -IC:/Ruby31/include/ruby-3.1.0 -I. -IG:/GithubBlog/kanji-jp/vendor/bundle/ruby/3.1.0/gems/nokogiri-1.18.10/ports/i386-mingw32/libxml2/2.13.9/include/libxml2 -IG:/GithubBlog/kanji-jp/vendor/bundle/ruby/3.1.0/gems/nokogiri-1.18.10/ports/i386-mingw32/libiconv/1.18/include -DLIBXML_STATIC -DLIBXSLT_STATIC -DLIBEXSLT_STATIC -IG:/GithubBlog/kanji-jp/vendor/bundle/ruby/3.1.0/gems/nokogiri-1.18.10/ports/i386-mingw32/libxslt/1.1.43/include -IG:/GithubBlog/kanji-jp/vendor/bundle/ruby/3.1.0/gems/nokogiri-1.18.10/ports/i386-mingw32/libxml2/2.13.9/include/libxml2 -IG:/GithubBlog/kanji-jp/vendor/bundle/ruby/3.1.0/gems/nokogiri-1.18.10/ports/i386-mingw32/libiconv/1.18/include -DLIBXML_STATIC -D__USE_MINGW_ANSI_STDIO=1 -DFD_SETSIZE=2048 -D_WIN32_WINNT=0x0600 -D__MINGW_USE_VC2005_COMPAT -D_FILE_OFFSET_BITS=64   "-Idummypath" -IG:/GithubBlog/kanji-jp/vendor/bundle/ruby/3.1.0/gems/nokogiri-1.18.10/ports/i386-mingw32/zlib/1.3.1/include -IG:/GithubBlog/kanji-jp/vendor/bundle/ruby/3.1.0/gems/nokogiri-1.18.10/ports/i386-mingw32/libiconv/1.18/include -DNOKOGIRI_PACKAGED_LIBRARIES -DNOKOGIRI_LIBXML2_PATCHES="\"0001-Remove-script-macro-support.patch 0002-Update-entities-to-remove-handling-of-ssi.patch 0009-allow-wildcard-namespaces.patch 0010-update-config.guess-and-config.sub-for-libxml2.patch 0011-rip-out-libxml2-s-libc_single_threaded-support.patch 0019-xpath-Use-separate-static-hash-table-for-standard-fu.patch\"" -DNOKOGIRI_LIBXSLT_PATCHES="\"0001-update-config.guess-and-config.sub-for-libxslt.patch\"" -O3 -fno-fast-math -fstack-protector-strong -std=c99 -Wno-declaration-after-statement -O2 -g -Winline -Wmissing-noreturn  -IG:/GithubBlog/kanji-jp/vendor/bundle/ruby/3.1.0/gems/nokogiri-1.18.10/ext/nokogiri/ports/i386-mingw32/libgumbo/1.0.0-nokogiri/include -Werror -c conftest.c"
checked program was:
/* begin */
1: #include "ruby.h"
2: 
3: #include <winsock2.h>
4: #include <windows.h>
5: int main(int argc, char **argv)
6: {
7:   return !!argv[argc];
8: }
/* end */

--------------------

have_func: checking for gumbo_parse_with_options() in nokogiri_gumbo.h... -------------------- yes

PATH=".;C:/Ruby31/lib;G:\GithubBlog\kanji-jp\vendor\bundle\ruby\3.1.0\gems\nokogiri-1.18.10\ports\i386-mingw32\libxslt\1.1.43\bin;G:\GithubBlog\kanji-jp\vendor\bundle\ruby\3.1.0\gems\nokogiri-1.18.10\ports\i386-mingw32\libxml2\2.13.9\bin;G:\GithubBlog\kanji-jp\vendor\bundle\ruby\3.1.0\gems\nokogiri-1.18.10\ports\i386-mingw32\libiconv\1.18\bin;C:\Ruby31\bin;C:\Ruby31\msys32\mingw32\bin;C:\Ruby31\msys32\usr\bin;c:\program files\imagemagick-7.1.0-q16-hdri;c:\program files\nvidia gpu computing toolkit\cuda\v11.3\bin;c:\program files\nvidia gpu computing toolkit\cuda\v11.3\libnvvp;c:\program files\common files\oracle\java\javapath;c:\windows\system32;c:\windows;c:\windows\system32\wbem;c:\windows\system32\windowspowershell\v1.0\;c:\windows\system32\openssh\;c:\program files\bandizip\;c:\program files\git\cmd;c:\program files\nvidia corporation\nsight compute 2021.1.0\;c:\program files\matlab\r2022a\runtime\win64;c:\program files\matlab\r2022a\bin;c:\program files (x86)\gs\gs9.56.1\bin;c:\program files\dotnet\;c:\program files\mingw64\bin;c:\users\pyohy\appdata\local\programs\cursor\resources\app\bin;c:\program files\nvidia corporation\nvidia app\nvdlisr;C:\Program Files (x86)\NVIDIA Corporation\PhysX\Common;C:\python;C:\python\Scripts;G:\poppler-24.08.0;G:\poppler-24.08.0\Library\bin;C:\Program Files\Mullvad VPN\resources;C:\WINDOWS\system32;C:\WINDOWS;C:\WINDOWS\System32\Wbem;C:\WINDOWS\System32\WindowsPowerShell\v1.0\;C:\WINDOWS\System32\OpenSSH\;C:\python\Scripts\;C:\python\;C:\Ruby31\bin;C:\Users\pyohy\AppData\Local\Microsoft\WindowsApps;C:\Users\pyohy\AppData\Local\Programs\Microsoft VS Code\bin;C:\texlive\2022\bin\win32;C:\Users\pyohy\.dotnet\tools;C:\Users\pyohy\AppData\Local\Programs\cursor\resources\app\bin;" "gcc -o conftest.exe -IC:/Ruby31/include/ruby-3.1.0/i386-mingw32 -IC:/Ruby31/include/ruby-3.1.0/ruby/backward -IC:/Ruby31/include/ruby-3.1.0 -I. -IG:/GithubBlog/kanji-jp/vendor/bundle/ruby/3.1.0/gems/nokogiri-1.18.10/ports/i386-mingw32/libxml2/2.13.9/include/libxml2 -IG:/GithubBlog/kanji-jp/vendor/bundle/ruby/3.1.0/gems/nokogiri-1.18.10/ports/i386-mingw32/libiconv/1.18/include -DLIBXML_STATIC -DLIBXSLT_STATIC -DLIBEXSLT_STATIC -IG:/GithubBlog/kanji-jp/vendor/bundle/ruby/3.1.0/gems/nokogiri-1.18.10/ports/i386-mingw32/libxslt/1.1.43/include -IG:/GithubBlog/kanji-jp/vendor/bundle/ruby/3.1.0/gems/nokogiri-1.18.10/ports/i386-mingw32/libxml2/2.13.9/include/libxml2 -IG:/GithubBlog/kanji-jp/vendor/bundle/ruby/3.1.0/gems/nokogiri-1.18.10/ports/i386-mingw32/libiconv/1.18/include -DLIBXML_STATIC -D__USE_MINGW_ANSI_STDIO=1 -DFD_SETSIZE=2048 -D_WIN32_WINNT=0x0600 -D__MINGW_USE_VC2005_COMPAT -D_FILE_OFFSET_BITS=64   "-Idummypath" -IG:/GithubBlog/kanji-jp/vendor/bundle/ruby/3.1.0/gems/nokogiri-1.18.10/ports/i386-mingw32/zlib/1.3.1/include -IG:/GithubBlog/kanji-jp/vendor/bundle/ruby/3.1.0/gems/nokogiri-1.18.10/ports/i386-mingw32/libiconv/1.18/include -DNOKOGIRI_PACKAGED_LIBRARIES -DNOKOGIRI_LIBXML2_PATCHES="\"0001-Remove-script-macro-support.patch 0002-Update-entities-to-remove-handling-of-ssi.patch 0009-allow-wildcard-namespaces.patch 0010-update-config.guess-and-config.sub-for-libxml2.patch 0011-rip-out-libxml2-s-libc_single_threaded-support.patch 0019-xpath-Use-separate-static-hash-table-for-standard-fu.patch\"" -DNOKOGIRI_LIBXSLT_PATCHES="\"0001-update-config.guess-and-config.sub-for-libxslt.patch\"" -IG:/GithubBlog/kanji-jp/vendor/bundle/ruby/3.1.0/gems/nokogiri-1.18.10/ext/nokogiri/ports/i386-mingw32/libgumbo/1.0.0-nokogiri/include -O3 -fno-fast-math -fstack-protector-strong -std=c99 -Wno-declaration-after-statement -O2 -g -Winline -Wmissing-noreturn conftest.c  -L. -LC:/Ruby31/lib -LG:/GithubBlog/kanji-jp/vendor/bundle/ruby/3.1.0/gems/nokogiri-1.18.10/ports/i386-mingw32/libiconv/1.18/lib -LG:/GithubBlog/kanji-jp/vendor/bundle/ruby/3.1.0/gems/nokogiri-1.18.10/ports/i386-mingw32/zlib/1.3.1/lib -LG:/GithubBlog/kanji-jp/vendor/bundle/ruby/3.1.0/gems/nokogiri-1.18.10/ports/i386-mingw32/libxml2/2.13.9/lib -LG:/GithubBlog/kanji-jp/vendor/bundle/ruby/3.1.0/gems/nokogiri-1.18.10/ports/i386-mingw32/libxslt/1.1.43/lib -LG:/GithubBlog/kanji-jp/vendor/bundle/ruby/3.1.0/gems/nokogiri-1.18.10/ext/nokogiri/ports/i386-mingw32/libgumbo/1.0.0-nokogiri/lib -L. -pipe -s -fstack-protector-strong -Wl,--no-as-needed    G:/GithubBlog/kanji-jp/vendor/bundle/ruby/3.1.0/gems/nokogiri-1.18.10/ports/i386-mingw32/libxslt/1.1.43/lib/libexslt.a -lm -lbcrypt -lws2_32 -liconv -lz G:/GithubBlog/kanji-jp/vendor/bundle/ruby/3.1.0/gems/nokogiri-1.18.10/ports/i386-mingw32/libxml2/2.13.9/lib/libxml2.a G:/GithubBlog/kanji-jp/vendor/bundle/ruby/3.1.0/gems/nokogiri-1.18.10/ports/i386-mingw32/libxslt/1.1.43/lib/libxslt.a -lbcrypt -lws2_32 -lm -liconv -lz G:/GithubBlog/kanji-jp/vendor/bundle/ruby/3.1.0/gems/nokogiri-1.18.10/ports/i386-mingw32/libxml2/2.13.9/lib/libxml2.a -liconv -lz G:/GithubBlog/kanji-jp/vendor/bundle/ruby/3.1.0/gems/nokogiri-1.18.10/ext/nokogiri/ports/i386-mingw32/libgumbo/1.0.0-nokogiri/lib/libgumbo.a -lmsvcrt-ruby310 G:/GithubBlog/kanji-jp/vendor/bundle/ruby/3.1.0/gems/nokogiri-1.18.10/ports/i386-mingw32/libxslt/1.1.43/lib/libexslt.a -lm -lbcrypt -lws2_32 -liconv -lz G:/GithubBlog/kanji-jp/vendor/bundle/ruby/3.1.0/gems/nokogiri-1.18.10/ports/i386-mingw32/libxml2/2.13.9/lib/libxml2.a G:/GithubBlog/kanji-jp/vendor/bundle/ruby/3.1.0/gems/nokogiri-1.18.10/ports/i386-mingw32/libxslt/1.1.43/lib/libxslt.a -lbcrypt -lws2_32 -lm -liconv -lz G:/GithubBlog/kanji-jp/vendor/bundle/ruby/3.1.0/gems/nokogiri-1.18.10/ports/i386-mingw32/libxml2/2.13.9/lib/libxml2.a -liconv -lz G:/GithubBlog/kanji-jp/vendor/bundle/ruby/3.1.0/gems/nokogiri-1.18.10/ext/nokogiri/ports/i386-mingw32/libgumbo/1.0.0-nokogiri/lib/libgumbo.a -lshell32 -lws2_32 -liphlpapi -limagehlp -lshlwapi -lbcrypt  "
checked program was:
/* begin */
 1: #include "ruby.h"
 2: 
 3: #include <winsock2.h>
 4: #include <windows.h>
 5: #include <nokogiri_gumbo.h>
 6: 
 7: /*top*/
 8: extern int t(void);
 9: int main(int argc, char **argv)
10: {
11:   if (argc > 1000000) {
12:     int (* volatile tp)(void)=(int (*)(void))&t;
13:     printf("%d", (*tp)());
14:   }
15: 
16:   return !!argv[argc];
17: }
18: int t(void) { void ((*volatile p)()); p = (void ((*)()))gumbo_parse_with_options; return !p; }
/* end */

--------------------

have_func: checking for xmlCtxtSetOptions()... -------------------- yes

PATH=".;C:/Ruby31/lib;G:\GithubBlog\kanji-jp\vendor\bundle\ruby\3.1.0\gems\nokogiri-1.18.10\ports\i386-mingw32\libxslt\1.1.43\bin;G:\GithubBlog\kanji-jp\vendor\bundle\ruby\3.1.0\gems\nokogiri-1.18.10\ports\i386-mingw32\libxml2\2.13.9\bin;G:\GithubBlog\kanji-jp\vendor\bundle\ruby\3.1.0\gems\nokogiri-1.18.10\ports\i386-mingw32\libiconv\1.18\bin;C:\Ruby31\bin;C:\Ruby31\msys32\mingw32\bin;C:\Ruby31\msys32\usr\bin;c:\program files\imagemagick-7.1.0-q16-hdri;c:\program files\nvidia gpu computing toolkit\cuda\v11.3\bin;c:\program files\nvidia gpu computing toolkit\cuda\v11.3\libnvvp;c:\program files\common files\oracle\java\javapath;c:\windows\system32;c:\windows;c:\windows\system32\wbem;c:\windows\system32\windowspowershell\v1.0\;c:\windows\system32\openssh\;c:\program files\bandizip\;c:\program files\git\cmd;c:\program files\nvidia corporation\nsight compute 2021.1.0\;c:\program files\matlab\r2022a\runtime\win64;c:\program files\matlab\r2022a\bin;c:\program files (x86)\gs\gs9.56.1\bin;c:\program files\dotnet\;c:\program files\mingw64\bin;c:\users\pyohy\appdata\local\programs\cursor\resources\app\bin;c:\program files\nvidia corporation\nvidia app\nvdlisr;C:\Program Files (x86)\NVIDIA Corporation\PhysX\Common;C:\python;C:\python\Scripts;G:\poppler-24.08.0;G:\poppler-24.08.0\Library\bin;C:\Program Files\Mullvad VPN\resources;C:\WINDOWS\system32;C:\WINDOWS;C:\WINDOWS\System32\Wbem;C:\WINDOWS\System32\WindowsPowerShell\v1.0\;C:\WINDOWS\System32\OpenSSH\;C:\python\Scripts\;C:\python\;C:\Ruby31\bin;C:\Users\pyohy\AppData\Local\Microsoft\WindowsApps;C:\Users\pyohy\AppData\Local\Programs\Microsoft VS Code\bin;C:\texlive\2022\bin\win32;C:\Users\pyohy\.dotnet\tools;C:\Users\pyohy\AppData\Local\Programs\cursor\resources\app\bin;" "gcc -o conftest.exe -IC:/Ruby31/include/ruby-3.1.0/i386-mingw32 -IC:/Ruby31/include/ruby-3.1.0/ruby/backward -IC:/Ruby31/include/ruby-3.1.0 -I. -IG:/GithubBlog/kanji-jp/vendor/bundle/ruby/3.1.0/gems/nokogiri-1.18.10/ports/i386-mingw32/libxml2/2.13.9/include/libxml2 -IG:/GithubBlog/kanji-jp/vendor/bundle/ruby/3.1.0/gems/nokogiri-1.18.10/ports/i386-mingw32/libiconv/1.18/include -DLIBXML_STATIC -DLIBXSLT_STATIC -DLIBEXSLT_STATIC -IG:/GithubBlog/kanji-jp/vendor/bundle/ruby/3.1.0/gems/nokogiri-1.18.10/ports/i386-mingw32/libxslt/1.1.43/include -IG:/GithubBlog/kanji-jp/vendor/bundle/ruby/3.1.0/gems/nokogiri-1.18.10/ports/i386-mingw32/libxml2/2.13.9/include/libxml2 -IG:/GithubBlog/kanji-jp/vendor/bundle/ruby/3.1.0/gems/nokogiri-1.18.10/ports/i386-mingw32/libiconv/1.18/include -DLIBXML_STATIC -D__USE_MINGW_ANSI_STDIO=1 -DFD_SETSIZE=2048 -D_WIN32_WINNT=0x0600 -D__MINGW_USE_VC2005_COMPAT -D_FILE_OFFSET_BITS=64   "-Idummypath" -IG:/GithubBlog/kanji-jp/vendor/bundle/ruby/3.1.0/gems/nokogiri-1.18.10/ports/i386-mingw32/zlib/1.3.1/include -IG:/GithubBlog/kanji-jp/vendor/bundle/ruby/3.1.0/gems/nokogiri-1.18.10/ports/i386-mingw32/libiconv/1.18/include -DNOKOGIRI_PACKAGED_LIBRARIES -DNOKOGIRI_LIBXML2_PATCHES="\"0001-Remove-script-macro-support.patch 0002-Update-entities-to-remove-handling-of-ssi.patch 0009-allow-wildcard-namespaces.patch 0010-update-config.guess-and-config.sub-for-libxml2.patch 0011-rip-out-libxml2-s-libc_single_threaded-support.patch 0019-xpath-Use-separate-static-hash-table-for-standard-fu.patch\"" -DNOKOGIRI_LIBXSLT_PATCHES="\"0001-update-config.guess-and-config.sub-for-libxslt.patch\"" -IG:/GithubBlog/kanji-jp/vendor/bundle/ruby/3.1.0/gems/nokogiri-1.18.10/ext/nokogiri/ports/i386-mingw32/libgumbo/1.0.0-nokogiri/include -O3 -fno-fast-math -fstack-protector-strong -std=c99 -Wno-declaration-after-statement -O2 -g -Winline -Wmissing-noreturn conftest.c  -L. -LC:/Ruby31/lib -LG:/GithubBlog/kanji-jp/vendor/bundle/ruby/3.1.0/gems/nokogiri-1.18.10/ports/i386-mingw32/libiconv/1.18/lib -LG:/GithubBlog/kanji-jp/vendor/bundle/ruby/3.1.0/gems/nokogiri-1.18.10/ports/i386-mingw32/zlib/1.3.1/lib -LG:/GithubBlog/kanji-jp/vendor/bundle/ruby/3.1.0/gems/nokogiri-1.18.10/ports/i386-mingw32/libxml2/2.13.9/lib -LG:/GithubBlog/kanji-jp/vendor/bundle/ruby/3.1.0/gems/nokogiri-1.18.10/ports/i386-mingw32/libxslt/1.1.43/lib -LG:/GithubBlog/kanji-jp/vendor/bundle/ruby/3.1.0/gems/nokogiri-1.18.10/ext/nokogiri/ports/i386-mingw32/libgumbo/1.0.0-nokogiri/lib -L. -pipe -s -fstack-protector-strong -Wl,--no-as-needed    G:/GithubBlog/kanji-jp/vendor/bundle/ruby/3.1.0/gems/nokogiri-1.18.10/ports/i386-mingw32/libxslt/1.1.43/lib/libexslt.a -lm -lbcrypt -lws2_32 -liconv -lz G:/GithubBlog/kanji-jp/vendor/bundle/ruby/3.1.0/gems/nokogiri-1.18.10/ports/i386-mingw32/libxml2/2.13.9/lib/libxml2.a G:/GithubBlog/kanji-jp/vendor/bundle/ruby/3.1.0/gems/nokogiri-1.18.10/ports/i386-mingw32/libxslt/1.1.43/lib/libxslt.a -lbcrypt -lws2_32 -lm -liconv -lz G:/GithubBlog/kanji-jp/vendor/bundle/ruby/3.1.0/gems/nokogiri-1.18.10/ports/i386-mingw32/libxml2/2.13.9/lib/libxml2.a -liconv -lz G:/GithubBlog/kanji-jp/vendor/bundle/ruby/3.1.0/gems/nokogiri-1.18.10/ext/nokogiri/ports/i386-mingw32/libgumbo/1.0.0-nokogiri/lib/libgumbo.a -lmsvcrt-ruby310 G:/GithubBlog/kanji-jp/vendor/bundle/ruby/3.1.0/gems/nokogiri-1.18.10/ports/i386-mingw32/libxslt/1.1.43/lib/libexslt.a -lm -lbcrypt -lws2_32 -liconv -lz G:/GithubBlog/kanji-jp/vendor/bundle/ruby/3.1.0/gems/nokogiri-1.18.10/ports/i386-mingw32/libxml2/2.13.9/lib/libxml2.a G:/GithubBlog/kanji-jp/vendor/bundle/ruby/3.1.0/gems/nokogiri-1.18.10/ports/i386-mingw32/libxslt/1.1.43/lib/libxslt.a -lbcrypt -lws2_32 -lm -liconv -lz G:/GithubBlog/kanji-jp/vendor/bundle/ruby/3.1.0/gems/nokogiri-1.18.10/ports/i386-mingw32/libxml2/2.13.9/lib/libxml2.a -liconv -lz G:/GithubBlog/kanji-jp/vendor/bundle/ruby/3.1.0/gems/nokogiri-1.18.10/ext/nokogiri/ports/i386-mingw32/libgumbo/1.0.0-nokogiri/lib/libgumbo.a -lshell32 -lws2_32 -liphlpapi -limagehlp -lshlwapi -lbcrypt  "
conftest.c: In function 't':
conftest.c:17:57: error: 'xmlCtxtSetOptions' undeclared (first use in this function)
   17 | int t(void) { void ((*volatile p)()); p = (void ((*)()))xmlCtxtSetOptions; return !p; }
      |                                                         ^~~~~~~~~~~~~~~~~
conftest.c:17:57: note: each undeclared identifier is reported only once for each function it appears in
checked program was:
/* begin */
 1: #include "ruby.h"
 2: 
 3: #include <winsock2.h>
 4: #include <windows.h>
 5: 
 6: /*top*/
 7: extern int t(void);
 8: int main(int argc, char **argv)
 9: {
10:   if (argc > 1000000) {
11:     int (* volatile tp)(void)=(int (*)(void))&t;
12:     printf("%d", (*tp)());
13:   }
14: 
15:   return !!argv[argc];
16: }
17: int t(void) { void ((*volatile p)()); p = (void ((*)()))xmlCtxtSetOptions; return !p; }
/* end */

PATH=".;C:/Ruby31/lib;G:\GithubBlog\kanji-jp\vendor\bundle\ruby\3.1.0\gems\nokogiri-1.18.10\ports\i386-mingw32\libxslt\1.1.43\bin;G:\GithubBlog\kanji-jp\vendor\bundle\ruby\3.1.0\gems\nokogiri-1.18.10\ports\i386-mingw32\libxml2\2.13.9\bin;G:\GithubBlog\kanji-jp\vendor\bundle\ruby\3.1.0\gems\nokogiri-1.18.10\ports\i386-mingw32\libiconv\1.18\bin;C:\Ruby31\bin;C:\Ruby31\msys32\mingw32\bin;C:\Ruby31\msys32\usr\bin;c:\program files\imagemagick-7.1.0-q16-hdri;c:\program files\nvidia gpu computing toolkit\cuda\v11.3\bin;c:\program files\nvidia gpu computing toolkit\cuda\v11.3\libnvvp;c:\program files\common files\oracle\java\javapath;c:\windows\system32;c:\windows;c:\windows\system32\wbem;c:\windows\system32\windowspowershell\v1.0\;c:\windows\system32\openssh\;c:\program files\bandizip\;c:\program files\git\cmd;c:\program files\nvidia corporation\nsight compute 2021.1.0\;c:\program files\matlab\r2022a\runtime\win64;c:\program files\matlab\r2022a\bin;c:\program files (x86)\gs\gs9.56.1\bin;c:\program files\dotnet\;c:\program files\mingw64\bin;c:\users\pyohy\appdata\local\programs\cursor\resources\app\bin;c:\program files\nvidia corporation\nvidia app\nvdlisr;C:\Program Files (x86)\NVIDIA Corporation\PhysX\Common;C:\python;C:\python\Scripts;G:\poppler-24.08.0;G:\poppler-24.08.0\Library\bin;C:\Program Files\Mullvad VPN\resources;C:\WINDOWS\system32;C:\WINDOWS;C:\WINDOWS\System32\Wbem;C:\WINDOWS\System32\WindowsPowerShell\v1.0\;C:\WINDOWS\System32\OpenSSH\;C:\python\Scripts\;C:\python\;C:\Ruby31\bin;C:\Users\pyohy\AppData\Local\Microsoft\WindowsApps;C:\Users\pyohy\AppData\Local\Programs\Microsoft VS Code\bin;C:\texlive\2022\bin\win32;C:\Users\pyohy\.dotnet\tools;C:\Users\pyohy\AppData\Local\Programs\cursor\resources\app\bin;" "gcc -o conftest.exe -IC:/Ruby31/include/ruby-3.1.0/i386-mingw32 -IC:/Ruby31/include/ruby-3.1.0/ruby/backward -IC:/Ruby31/include/ruby-3.1.0 -I. -IG:/GithubBlog/kanji-jp/vendor/bundle/ruby/3.1.0/gems/nokogiri-1.18.10/ports/i386-mingw32/libxml2/2.13.9/include/libxml2 -IG:/GithubBlog/kanji-jp/vendor/bundle/ruby/3.1.0/gems/nokogiri-1.18.10/ports/i386-mingw32/libiconv/1.18/include -DLIBXML_STATIC -DLIBXSLT_STATIC -DLIBEXSLT_STATIC -IG:/GithubBlog/kanji-jp/vendor/bundle/ruby/3.1.0/gems/nokogiri-1.18.10/ports/i386-mingw32/libxslt/1.1.43/include -IG:/GithubBlog/kanji-jp/vendor/bundle/ruby/3.1.0/gems/nokogiri-1.18.10/ports/i386-mingw32/libxml2/2.13.9/include/libxml2 -IG:/GithubBlog/kanji-jp/vendor/bundle/ruby/3.1.0/gems/nokogiri-1.18.10/ports/i386-mingw32/libiconv/1.18/include -DLIBXML_STATIC -D__USE_MINGW_ANSI_STDIO=1 -DFD_SETSIZE=2048 -D_WIN32_WINNT=0x0600 -D__MINGW_USE_VC2005_COMPAT -D_FILE_OFFSET_BITS=64   "-Idummypath" -IG:/GithubBlog/kanji-jp/vendor/bundle/ruby/3.1.0/gems/nokogiri-1.18.10/ports/i386-mingw32/zlib/1.3.1/include -IG:/GithubBlog/kanji-jp/vendor/bundle/ruby/3.1.0/gems/nokogiri-1.18.10/ports/i386-mingw32/libiconv/1.18/include -DNOKOGIRI_PACKAGED_LIBRARIES -DNOKOGIRI_LIBXML2_PATCHES="\"0001-Remove-script-macro-support.patch 0002-Update-entities-to-remove-handling-of-ssi.patch 0009-allow-wildcard-namespaces.patch 0010-update-config.guess-and-config.sub-for-libxml2.patch 0011-rip-out-libxml2-s-libc_single_threaded-support.patch 0019-xpath-Use-separate-static-hash-table-for-standard-fu.patch\"" -DNOKOGIRI_LIBXSLT_PATCHES="\"0001-update-config.guess-and-config.sub-for-libxslt.patch\"" -IG:/GithubBlog/kanji-jp/vendor/bundle/ruby/3.1.0/gems/nokogiri-1.18.10/ext/nokogiri/ports/i386-mingw32/libgumbo/1.0.0-nokogiri/include -O3 -fno-fast-math -fstack-protector-strong -std=c99 -Wno-declaration-after-statement -O2 -g -Winline -Wmissing-noreturn conftest.c  -L. -LC:/Ruby31/lib -LG:/GithubBlog/kanji-jp/vendor/bundle/ruby/3.1.0/gems/nokogiri-1.18.10/ports/i386-mingw32/libiconv/1.18/lib -LG:/GithubBlog/kanji-jp/vendor/bundle/ruby/3.1.0/gems/nokogiri-1.18.10/ports/i386-mingw32/zlib/1.3.1/lib -LG:/GithubBlog/kanji-jp/vendor/bundle/ruby/3.1.0/gems/nokogiri-1.18.10/ports/i386-mingw32/libxml2/2.13.9/lib -LG:/GithubBlog/kanji-jp/vendor/bundle/ruby/3.1.0/gems/nokogiri-1.18.10/ports/i386-mingw32/libxslt/1.1.43/lib -LG:/GithubBlog/kanji-jp/vendor/bundle/ruby/3.1.0/gems/nokogiri-1.18.10/ext/nokogiri/ports/i386-mingw32/libgumbo/1.0.0-nokogiri/lib -L. -pipe -s -fstack-protector-strong -Wl,--no-as-needed    G:/GithubBlog/kanji-jp/vendor/bundle/ruby/3.1.0/gems/nokogiri-1.18.10/ports/i386-mingw32/libxslt/1.1.43/lib/libexslt.a -lm -lbcrypt -lws2_32 -liconv -lz G:/GithubBlog/kanji-jp/vendor/bundle/ruby/3.1.0/gems/nokogiri-1.18.10/ports/i386-mingw32/libxml2/2.13.9/lib/libxml2.a G:/GithubBlog/kanji-jp/vendor/bundle/ruby/3.1.0/gems/nokogiri-1.18.10/ports/i386-mingw32/libxslt/1.1.43/lib/libxslt.a -lbcrypt -lws2_32 -lm -liconv -lz G:/GithubBlog/kanji-jp/vendor/bundle/ruby/3.1.0/gems/nokogiri-1.18.10/ports/i386-mingw32/libxml2/2.13.9/lib/libxml2.a -liconv -lz G:/GithubBlog/kanji-jp/vendor/bundle/ruby/3.1.0/gems/nokogiri-1.18.10/ext/nokogiri/ports/i386-mingw32/libgumbo/1.0.0-nokogiri/lib/libgumbo.a -lmsvcrt-ruby310 G:/GithubBlog/kanji-jp/vendor/bundle/ruby/3.1.0/gems/nokogiri-1.18.10/ports/i386-mingw32/libxslt/1.1.43/lib/libexslt.a -lm -lbcrypt -lws2_32 -liconv -lz G:/GithubBlog/kanji-jp/vendor/bundle/ruby/3.1.0/gems/nokogiri-1.18.10/ports/i386-mingw32/libxml2/2.13.9/lib/libxml2.a G:/GithubBlog/kanji-jp/vendor/bundle/ruby/3.1.0/gems/nokogiri-1.18.10/ports/i386-mingw32/libxslt/1.1.43/lib/libxslt.a -lbcrypt -lws2_32 -lm -liconv -lz G:/GithubBlog/kanji-jp/vendor/bundle/ruby/3.1.0/gems/nokogiri-1.18.10/ports/i386-mingw32/libxml2/2.13.9/lib/libxml2.a -liconv -lz G:/GithubBlog/kanji-jp/vendor/bundle/ruby/3.1.0/gems/nokogiri-1.18.10/ext/nokogiri/ports/i386-mingw32/libgumbo/1.0.0-nokogiri/lib/libgumbo.a -lshell32 -lws2_32 -liphlpapi -limagehlp -lshlwapi -lbcrypt  "
checked program was:
/* begin */
 1: #include "ruby.h"
 2: 
 3: #include <winsock2.h>
 4: #include <windows.h>
 5: 
 6: /*top*/
 7: extern int t(void);
 8: int main(int argc, char **argv)
 9: {
10:   if (argc > 1000000) {
11:     int (* volatile tp)(void)=(int (*)(void))&t;
12:     printf("%d", (*tp)());
13:   }
14: 
15:   return !!argv[argc];
16: }
17: extern void xmlCtxtSetOptions();
18: int t(void) { xmlCtxtSetOptions(); return 0; }
/* end */

--------------------

have_func: checking for xmlCtxtGetOptions()... -------------------- no

PATH=".;C:/Ruby31/lib;G:\GithubBlog\kanji-jp\vendor\bundle\ruby\3.1.0\gems\nokogiri-1.18.10\ports\i386-mingw32\libxslt\1.1.43\bin;G:\GithubBlog\kanji-jp\vendor\bundle\ruby\3.1.0\gems\nokogiri-1.18.10\ports\i386-mingw32\libxml2\2.13.9\bin;G:\GithubBlog\kanji-jp\vendor\bundle\ruby\3.1.0\gems\nokogiri-1.18.10\ports\i386-mingw32\libiconv\1.18\bin;C:\Ruby31\bin;C:\Ruby31\msys32\mingw32\bin;C:\Ruby31\msys32\usr\bin;c:\program files\imagemagick-7.1.0-q16-hdri;c:\program files\nvidia gpu computing toolkit\cuda\v11.3\bin;c:\program files\nvidia gpu computing toolkit\cuda\v11.3\libnvvp;c:\program files\common files\oracle\java\javapath;c:\windows\system32;c:\windows;c:\windows\system32\wbem;c:\windows\system32\windowspowershell\v1.0\;c:\windows\system32\openssh\;c:\program files\bandizip\;c:\program files\git\cmd;c:\program files\nvidia corporation\nsight compute 2021.1.0\;c:\program files\matlab\r2022a\runtime\win64;c:\program files\matlab\r2022a\bin;c:\program files (x86)\gs\gs9.56.1\bin;c:\program files\dotnet\;c:\program files\mingw64\bin;c:\users\pyohy\appdata\local\programs\cursor\resources\app\bin;c:\program files\nvidia corporation\nvidia app\nvdlisr;C:\Program Files (x86)\NVIDIA Corporation\PhysX\Common;C:\python;C:\python\Scripts;G:\poppler-24.08.0;G:\poppler-24.08.0\Library\bin;C:\Program Files\Mullvad VPN\resources;C:\WINDOWS\system32;C:\WINDOWS;C:\WINDOWS\System32\Wbem;C:\WINDOWS\System32\WindowsPowerShell\v1.0\;C:\WINDOWS\System32\OpenSSH\;C:\python\Scripts\;C:\python\;C:\Ruby31\bin;C:\Users\pyohy\AppData\Local\Microsoft\WindowsApps;C:\Users\pyohy\AppData\Local\Programs\Microsoft VS Code\bin;C:\texlive\2022\bin\win32;C:\Users\pyohy\.dotnet\tools;C:\Users\pyohy\AppData\Local\Programs\cursor\resources\app\bin;" "gcc -o conftest.exe -IC:/Ruby31/include/ruby-3.1.0/i386-mingw32 -IC:/Ruby31/include/ruby-3.1.0/ruby/backward -IC:/Ruby31/include/ruby-3.1.0 -I. -IG:/GithubBlog/kanji-jp/vendor/bundle/ruby/3.1.0/gems/nokogiri-1.18.10/ports/i386-mingw32/libxml2/2.13.9/include/libxml2 -IG:/GithubBlog/kanji-jp/vendor/bundle/ruby/3.1.0/gems/nokogiri-1.18.10/ports/i386-mingw32/libiconv/1.18/include -DLIBXML_STATIC -DLIBXSLT_STATIC -DLIBEXSLT_STATIC -IG:/GithubBlog/kanji-jp/vendor/bundle/ruby/3.1.0/gems/nokogiri-1.18.10/ports/i386-mingw32/libxslt/1.1.43/include -IG:/GithubBlog/kanji-jp/vendor/bundle/ruby/3.1.0/gems/nokogiri-1.18.10/ports/i386-mingw32/libxml2/2.13.9/include/libxml2 -IG:/GithubBlog/kanji-jp/vendor/bundle/ruby/3.1.0/gems/nokogiri-1.18.10/ports/i386-mingw32/libiconv/1.18/include -DLIBXML_STATIC -D__USE_MINGW_ANSI_STDIO=1 -DFD_SETSIZE=2048 -D_WIN32_WINNT=0x0600 -D__MINGW_USE_VC2005_COMPAT -D_FILE_OFFSET_BITS=64   "-Idummypath" -IG:/GithubBlog/kanji-jp/vendor/bundle/ruby/3.1.0/gems/nokogiri-1.18.10/ports/i386-mingw32/zlib/1.3.1/include -IG:/GithubBlog/kanji-jp/vendor/bundle/ruby/3.1.0/gems/nokogiri-1.18.10/ports/i386-mingw32/libiconv/1.18/include -DNOKOGIRI_PACKAGED_LIBRARIES -DNOKOGIRI_LIBXML2_PATCHES="\"0001-Remove-script-macro-support.patch 0002-Update-entities-to-remove-handling-of-ssi.patch 0009-allow-wildcard-namespaces.patch 0010-update-config.guess-and-config.sub-for-libxml2.patch 0011-rip-out-libxml2-s-libc_single_threaded-support.patch 0019-xpath-Use-separate-static-hash-table-for-standard-fu.patch\"" -DNOKOGIRI_LIBXSLT_PATCHES="\"0001-update-config.guess-and-config.sub-for-libxslt.patch\"" -IG:/GithubBlog/kanji-jp/vendor/bundle/ruby/3.1.0/gems/nokogiri-1.18.10/ext/nokogiri/ports/i386-mingw32/libgumbo/1.0.0-nokogiri/include -O3 -fno-fast-math -fstack-protector-strong -std=c99 -Wno-declaration-after-statement -O2 -g -Winline -Wmissing-noreturn conftest.c  -L. -LC:/Ruby31/lib -LG:/GithubBlog/kanji-jp/vendor/bundle/ruby/3.1.0/gems/nokogiri-1.18.10/ports/i386-mingw32/libiconv/1.18/lib -LG:/GithubBlog/kanji-jp/vendor/bundle/ruby/3.1.0/gems/nokogiri-1.18.10/ports/i386-mingw32/zlib/1.3.1/lib -LG:/GithubBlog/kanji-jp/vendor/bundle/ruby/3.1.0/gems/nokogiri-1.18.10/ports/i386-mingw32/libxml2/2.13.9/lib -LG:/GithubBlog/kanji-jp/vendor/bundle/ruby/3.1.0/gems/nokogiri-1.18.10/ports/i386-mingw32/libxslt/1.1.43/lib -LG:/GithubBlog/kanji-jp/vendor/bundle/ruby/3.1.0/gems/nokogiri-1.18.10/ext/nokogiri/ports/i386-mingw32/libgumbo/1.0.0-nokogiri/lib -L. -pipe -s -fstack-protector-strong -Wl,--no-as-needed    G:/GithubBlog/kanji-jp/vendor/bundle/ruby/3.1.0/gems/nokogiri-1.18.10/ports/i386-mingw32/libxslt/1.1.43/lib/libexslt.a -lm -lbcrypt -lws2_32 -liconv -lz G:/GithubBlog/kanji-jp/vendor/bundle/ruby/3.1.0/gems/nokogiri-1.18.10/ports/i386-mingw32/libxml2/2.13.9/lib/libxml2.a G:/GithubBlog/kanji-jp/vendor/bundle/ruby/3.1.0/gems/nokogiri-1.18.10/ports/i386-mingw32/libxslt/1.1.43/lib/libxslt.a -lbcrypt -lws2_32 -lm -liconv -lz G:/GithubBlog/kanji-jp/vendor/bundle/ruby/3.1.0/gems/nokogiri-1.18.10/ports/i386-mingw32/libxml2/2.13.9/lib/libxml2.a -liconv -lz G:/GithubBlog/kanji-jp/vendor/bundle/ruby/3.1.0/gems/nokogiri-1.18.10/ext/nokogiri/ports/i386-mingw32/libgumbo/1.0.0-nokogiri/lib/libgumbo.a -lmsvcrt-ruby310 G:/GithubBlog/kanji-jp/vendor/bundle/ruby/3.1.0/gems/nokogiri-1.18.10/ports/i386-mingw32/libxslt/1.1.43/lib/libexslt.a -lm -lbcrypt -lws2_32 -liconv -lz G:/GithubBlog/kanji-jp/vendor/bundle/ruby/3.1.0/gems/nokogiri-1.18.10/ports/i386-mingw32/libxml2/2.13.9/lib/libxml2.a G:/GithubBlog/kanji-jp/vendor/bundle/ruby/3.1.0/gems/nokogiri-1.18.10/ports/i386-mingw32/libxslt/1.1.43/lib/libxslt.a -lbcrypt -lws2_32 -lm -liconv -lz G:/GithubBlog/kanji-jp/vendor/bundle/ruby/3.1.0/gems/nokogiri-1.18.10/ports/i386-mingw32/libxml2/2.13.9/lib/libxml2.a -liconv -lz G:/GithubBlog/kanji-jp/vendor/bundle/ruby/3.1.0/gems/nokogiri-1.18.10/ext/nokogiri/ports/i386-mingw32/libgumbo/1.0.0-nokogiri/lib/libgumbo.a -lshell32 -lws2_32 -liphlpapi -limagehlp -lshlwapi -lbcrypt  "
conftest.c: In function 't':
conftest.c:17:57: error: 'xmlCtxtGetOptions' undeclared (first use in this function)
   17 | int t(void) { void ((*volatile p)()); p = (void ((*)()))xmlCtxtGetOptions; return !p; }
      |                                                         ^~~~~~~~~~~~~~~~~
conftest.c:17:57: note: each undeclared identifier is reported only once for each function it appears in
checked program was:
/* begin */
 1: #include "ruby.h"
 2: 
 3: #include <winsock2.h>
 4: #include <windows.h>
 5: 
 6: /*top*/
 7: extern int t(void);
 8: int main(int argc, char **argv)
 9: {
10:   if (argc > 1000000) {
11:     int (* volatile tp)(void)=(int (*)(void))&t;
12:     printf("%d", (*tp)());
13:   }
14: 
15:   return !!argv[argc];
16: }
17: int t(void) { void ((*volatile p)()); p = (void ((*)()))xmlCtxtGetOptions; return !p; }
/* end */

PATH=".;C:/Ruby31/lib;G:\GithubBlog\kanji-jp\vendor\bundle\ruby\3.1.0\gems\nokogiri-1.18.10\ports\i386-mingw32\libxslt\1.1.43\bin;G:\GithubBlog\kanji-jp\vendor\bundle\ruby\3.1.0\gems\nokogiri-1.18.10\ports\i386-mingw32\libxml2\2.13.9\bin;G:\GithubBlog\kanji-jp\vendor\bundle\ruby\3.1.0\gems\nokogiri-1.18.10\ports\i386-mingw32\libiconv\1.18\bin;C:\Ruby31\bin;C:\Ruby31\msys32\mingw32\bin;C:\Ruby31\msys32\usr\bin;c:\program files\imagemagick-7.1.0-q16-hdri;c:\program files\nvidia gpu computing toolkit\cuda\v11.3\bin;c:\program files\nvidia gpu computing toolkit\cuda\v11.3\libnvvp;c:\program files\common files\oracle\java\javapath;c:\windows\system32;c:\windows;c:\windows\system32\wbem;c:\windows\system32\windowspowershell\v1.0\;c:\windows\system32\openssh\;c:\program files\bandizip\;c:\program files\git\cmd;c:\program files\nvidia corporation\nsight compute 2021.1.0\;c:\program files\matlab\r2022a\runtime\win64;c:\program files\matlab\r2022a\bin;c:\program files (x86)\gs\gs9.56.1\bin;c:\program files\dotnet\;c:\program files\mingw64\bin;c:\users\pyohy\appdata\local\programs\cursor\resources\app\bin;c:\program files\nvidia corporation\nvidia app\nvdlisr;C:\Program Files (x86)\NVIDIA Corporation\PhysX\Common;C:\python;C:\python\Scripts;G:\poppler-24.08.0;G:\poppler-24.08.0\Library\bin;C:\Program Files\Mullvad VPN\resources;C:\WINDOWS\system32;C:\WINDOWS;C:\WINDOWS\System32\Wbem;C:\WINDOWS\System32\WindowsPowerShell\v1.0\;C:\WINDOWS\System32\OpenSSH\;C:\python\Scripts\;C:\python\;C:\Ruby31\bin;C:\Users\pyohy\AppData\Local\Microsoft\WindowsApps;C:\Users\pyohy\AppData\Local\Programs\Microsoft VS Code\bin;C:\texlive\2022\bin\win32;C:\Users\pyohy\.dotnet\tools;C:\Users\pyohy\AppData\Local\Programs\cursor\resources\app\bin;" "gcc -o conftest.exe -IC:/Ruby31/include/ruby-3.1.0/i386-mingw32 -IC:/Ruby31/include/ruby-3.1.0/ruby/backward -IC:/Ruby31/include/ruby-3.1.0 -I. -IG:/GithubBlog/kanji-jp/vendor/bundle/ruby/3.1.0/gems/nokogiri-1.18.10/ports/i386-mingw32/libxml2/2.13.9/include/libxml2 -IG:/GithubBlog/kanji-jp/vendor/bundle/ruby/3.1.0/gems/nokogiri-1.18.10/ports/i386-mingw32/libiconv/1.18/include -DLIBXML_STATIC -DLIBXSLT_STATIC -DLIBEXSLT_STATIC -IG:/GithubBlog/kanji-jp/vendor/bundle/ruby/3.1.0/gems/nokogiri-1.18.10/ports/i386-mingw32/libxslt/1.1.43/include -IG:/GithubBlog/kanji-jp/vendor/bundle/ruby/3.1.0/gems/nokogiri-1.18.10/ports/i386-mingw32/libxml2/2.13.9/include/libxml2 -IG:/GithubBlog/kanji-jp/vendor/bundle/ruby/3.1.0/gems/nokogiri-1.18.10/ports/i386-mingw32/libiconv/1.18/include -DLIBXML_STATIC -D__USE_MINGW_ANSI_STDIO=1 -DFD_SETSIZE=2048 -D_WIN32_WINNT=0x0600 -D__MINGW_USE_VC2005_COMPAT -D_FILE_OFFSET_BITS=64   "-Idummypath" -IG:/GithubBlog/kanji-jp/vendor/bundle/ruby/3.1.0/gems/nokogiri-1.18.10/ports/i386-mingw32/zlib/1.3.1/include -IG:/GithubBlog/kanji-jp/vendor/bundle/ruby/3.1.0/gems/nokogiri-1.18.10/ports/i386-mingw32/libiconv/1.18/include -DNOKOGIRI_PACKAGED_LIBRARIES -DNOKOGIRI_LIBXML2_PATCHES="\"0001-Remove-script-macro-support.patch 0002-Update-entities-to-remove-handling-of-ssi.patch 0009-allow-wildcard-namespaces.patch 0010-update-config.guess-and-config.sub-for-libxml2.patch 0011-rip-out-libxml2-s-libc_single_threaded-support.patch 0019-xpath-Use-separate-static-hash-table-for-standard-fu.patch\"" -DNOKOGIRI_LIBXSLT_PATCHES="\"0001-update-config.guess-and-config.sub-for-libxslt.patch\"" -IG:/GithubBlog/kanji-jp/vendor/bundle/ruby/3.1.0/gems/nokogiri-1.18.10/ext/nokogiri/ports/i386-mingw32/libgumbo/1.0.0-nokogiri/include -O3 -fno-fast-math -fstack-protector-strong -std=c99 -Wno-declaration-after-statement -O2 -g -Winline -Wmissing-noreturn conftest.c  -L. -LC:/Ruby31/lib -LG:/GithubBlog/kanji-jp/vendor/bundle/ruby/3.1.0/gems/nokogiri-1.18.10/ports/i386-mingw32/libiconv/1.18/lib -LG:/GithubBlog/kanji-jp/vendor/bundle/ruby/3.1.0/gems/nokogiri-1.18.10/ports/i386-mingw32/zlib/1.3.1/lib -LG:/GithubBlog/kanji-jp/vendor/bundle/ruby/3.1.0/gems/nokogiri-1.18.10/ports/i386-mingw32/libxml2/2.13.9/lib -LG:/GithubBlog/kanji-jp/vendor/bundle/ruby/3.1.0/gems/nokogiri-1.18.10/ports/i386-mingw32/libxslt/1.1.43/lib -LG:/GithubBlog/kanji-jp/vendor/bundle/ruby/3.1.0/gems/nokogiri-1.18.10/ext/nokogiri/ports/i386-mingw32/libgumbo/1.0.0-nokogiri/lib -L. -pipe -s -fstack-protector-strong -Wl,--no-as-needed    G:/GithubBlog/kanji-jp/vendor/bundle/ruby/3.1.0/gems/nokogiri-1.18.10/ports/i386-mingw32/libxslt/1.1.43/lib/libexslt.a -lm -lbcrypt -lws2_32 -liconv -lz G:/GithubBlog/kanji-jp/vendor/bundle/ruby/3.1.0/gems/nokogiri-1.18.10/ports/i386-mingw32/libxml2/2.13.9/lib/libxml2.a G:/GithubBlog/kanji-jp/vendor/bundle/ruby/3.1.0/gems/nokogiri-1.18.10/ports/i386-mingw32/libxslt/1.1.43/lib/libxslt.a -lbcrypt -lws2_32 -lm -liconv -lz G:/GithubBlog/kanji-jp/vendor/bundle/ruby/3.1.0/gems/nokogiri-1.18.10/ports/i386-mingw32/libxml2/2.13.9/lib/libxml2.a -liconv -lz G:/GithubBlog/kanji-jp/vendor/bundle/ruby/3.1.0/gems/nokogiri-1.18.10/ext/nokogiri/ports/i386-mingw32/libgumbo/1.0.0-nokogiri/lib/libgumbo.a -lmsvcrt-ruby310 G:/GithubBlog/kanji-jp/vendor/bundle/ruby/3.1.0/gems/nokogiri-1.18.10/ports/i386-mingw32/libxslt/1.1.43/lib/libexslt.a -lm -lbcrypt -lws2_32 -liconv -lz G:/GithubBlog/kanji-jp/vendor/bundle/ruby/3.1.0/gems/nokogiri-1.18.10/ports/i386-mingw32/libxml2/2.13.9/lib/libxml2.a G:/GithubBlog/kanji-jp/vendor/bundle/ruby/3.1.0/gems/nokogiri-1.18.10/ports/i386-mingw32/libxslt/1.1.43/lib/libxslt.a -lbcrypt -lws2_32 -lm -liconv -lz G:/GithubBlog/kanji-jp/vendor/bundle/ruby/3.1.0/gems/nokogiri-1.18.10/ports/i386-mingw32/libxml2/2.13.9/lib/libxml2.a -liconv -lz G:/GithubBlog/kanji-jp/vendor/bundle/ruby/3.1.0/gems/nokogiri-1.18.10/ext/nokogiri/ports/i386-mingw32/libgumbo/1.0.0-nokogiri/lib/libgumbo.a -lshell32 -lws2_32 -liphlpapi -limagehlp -lshlwapi -lbcrypt  "
C:/Ruby31/msys32/mingw32/bin/../lib/gcc/i686-w64-mingw32/12.1.0/../../../../i686-w64-mingw32/bin/ld.exe: C:\Users\pyohy\AppData\Local\Temp\ccMFHYJD.o: in function `t':
G:\GithubBlog\kanji-jp\vendor\bundle\ruby\3.1.0\gems\nokogiri-1.18.10\ext\nokogiri/conftest.c:18: undefined reference to `xmlCtxtGetOptions'
collect2.exe: error: ld returned 1 exit status
checked program was:
/* begin */
 1: #include "ruby.h"
 2: 
 3: #include <winsock2.h>
 4: #include <windows.h>
 5: 
 6: /*top*/
 7: extern int t(void);
 8: int main(int argc, char **argv)
 9: {
10:   if (argc > 1000000) {
11:     int (* volatile tp)(void)=(int (*)(void))&t;
12:     printf("%d", (*tp)());
13:   }
14: 
15:   return !!argv[argc];
16: }
17: extern void xmlCtxtGetOptions();
18: int t(void) { xmlCtxtGetOptions(); return 0; }
/* end */

--------------------

have_func: checking for xmlSwitchEncodingName()... -------------------- yes

PATH=".;C:/Ruby31/lib;G:\GithubBlog\kanji-jp\vendor\bundle\ruby\3.1.0\gems\nokogiri-1.18.10\ports\i386-mingw32\libxslt\1.1.43\bin;G:\GithubBlog\kanji-jp\vendor\bundle\ruby\3.1.0\gems\nokogiri-1.18.10\ports\i386-mingw32\libxml2\2.13.9\bin;G:\GithubBlog\kanji-jp\vendor\bundle\ruby\3.1.0\gems\nokogiri-1.18.10\ports\i386-mingw32\libiconv\1.18\bin;C:\Ruby31\bin;C:\Ruby31\msys32\mingw32\bin;C:\Ruby31\msys32\usr\bin;c:\program files\imagemagick-7.1.0-q16-hdri;c:\program files\nvidia gpu computing toolkit\cuda\v11.3\bin;c:\program files\nvidia gpu computing toolkit\cuda\v11.3\libnvvp;c:\program files\common files\oracle\java\javapath;c:\windows\system32;c:\windows;c:\windows\system32\wbem;c:\windows\system32\windowspowershell\v1.0\;c:\windows\system32\openssh\;c:\program files\bandizip\;c:\program files\git\cmd;c:\program files\nvidia corporation\nsight compute 2021.1.0\;c:\program files\matlab\r2022a\runtime\win64;c:\program files\matlab\r2022a\bin;c:\program files (x86)\gs\gs9.56.1\bin;c:\program files\dotnet\;c:\program files\mingw64\bin;c:\users\pyohy\appdata\local\programs\cursor\resources\app\bin;c:\program files\nvidia corporation\nvidia app\nvdlisr;C:\Program Files (x86)\NVIDIA Corporation\PhysX\Common;C:\python;C:\python\Scripts;G:\poppler-24.08.0;G:\poppler-24.08.0\Library\bin;C:\Program Files\Mullvad VPN\resources;C:\WINDOWS\system32;C:\WINDOWS;C:\WINDOWS\System32\Wbem;C:\WINDOWS\System32\WindowsPowerShell\v1.0\;C:\WINDOWS\System32\OpenSSH\;C:\python\Scripts\;C:\python\;C:\Ruby31\bin;C:\Users\pyohy\AppData\Local\Microsoft\WindowsApps;C:\Users\pyohy\AppData\Local\Programs\Microsoft VS Code\bin;C:\texlive\2022\bin\win32;C:\Users\pyohy\.dotnet\tools;C:\Users\pyohy\AppData\Local\Programs\cursor\resources\app\bin;" "gcc -o conftest.exe -IC:/Ruby31/include/ruby-3.1.0/i386-mingw32 -IC:/Ruby31/include/ruby-3.1.0/ruby/backward -IC:/Ruby31/include/ruby-3.1.0 -I. -IG:/GithubBlog/kanji-jp/vendor/bundle/ruby/3.1.0/gems/nokogiri-1.18.10/ports/i386-mingw32/libxml2/2.13.9/include/libxml2 -IG:/GithubBlog/kanji-jp/vendor/bundle/ruby/3.1.0/gems/nokogiri-1.18.10/ports/i386-mingw32/libiconv/1.18/include -DLIBXML_STATIC -DLIBXSLT_STATIC -DLIBEXSLT_STATIC -IG:/GithubBlog/kanji-jp/vendor/bundle/ruby/3.1.0/gems/nokogiri-1.18.10/ports/i386-mingw32/libxslt/1.1.43/include -IG:/GithubBlog/kanji-jp/vendor/bundle/ruby/3.1.0/gems/nokogiri-1.18.10/ports/i386-mingw32/libxml2/2.13.9/include/libxml2 -IG:/GithubBlog/kanji-jp/vendor/bundle/ruby/3.1.0/gems/nokogiri-1.18.10/ports/i386-mingw32/libiconv/1.18/include -DLIBXML_STATIC -D__USE_MINGW_ANSI_STDIO=1 -DFD_SETSIZE=2048 -D_WIN32_WINNT=0x0600 -D__MINGW_USE_VC2005_COMPAT -D_FILE_OFFSET_BITS=64   "-Idummypath" -IG:/GithubBlog/kanji-jp/vendor/bundle/ruby/3.1.0/gems/nokogiri-1.18.10/ports/i386-mingw32/zlib/1.3.1/include -IG:/GithubBlog/kanji-jp/vendor/bundle/ruby/3.1.0/gems/nokogiri-1.18.10/ports/i386-mingw32/libiconv/1.18/include -DNOKOGIRI_PACKAGED_LIBRARIES -DNOKOGIRI_LIBXML2_PATCHES="\"0001-Remove-script-macro-support.patch 0002-Update-entities-to-remove-handling-of-ssi.patch 0009-allow-wildcard-namespaces.patch 0010-update-config.guess-and-config.sub-for-libxml2.patch 0011-rip-out-libxml2-s-libc_single_threaded-support.patch 0019-xpath-Use-separate-static-hash-table-for-standard-fu.patch\"" -DNOKOGIRI_LIBXSLT_PATCHES="\"0001-update-config.guess-and-config.sub-for-libxslt.patch\"" -IG:/GithubBlog/kanji-jp/vendor/bundle/ruby/3.1.0/gems/nokogiri-1.18.10/ext/nokogiri/ports/i386-mingw32/libgumbo/1.0.0-nokogiri/include -O3 -fno-fast-math -fstack-protector-strong -std=c99 -Wno-declaration-after-statement -O2 -g -Winline -Wmissing-noreturn conftest.c  -L. -LC:/Ruby31/lib -LG:/GithubBlog/kanji-jp/vendor/bundle/ruby/3.1.0/gems/nokogiri-1.18.10/ports/i386-mingw32/libiconv/1.18/lib -LG:/GithubBlog/kanji-jp/vendor/bundle/ruby/3.1.0/gems/nokogiri-1.18.10/ports/i386-mingw32/zlib/1.3.1/lib -LG:/GithubBlog/kanji-jp/vendor/bundle/ruby/3.1.0/gems/nokogiri-1.18.10/ports/i386-mingw32/libxml2/2.13.9/lib -LG:/GithubBlog/kanji-jp/vendor/bundle/ruby/3.1.0/gems/nokogiri-1.18.10/ports/i386-mingw32/libxslt/1.1.43/lib -LG:/GithubBlog/kanji-jp/vendor/bundle/ruby/3.1.0/gems/nokogiri-1.18.10/ext/nokogiri/ports/i386-mingw32/libgumbo/1.0.0-nokogiri/lib -L. -pipe -s -fstack-protector-strong -Wl,--no-as-needed    G:/GithubBlog/kanji-jp/vendor/bundle/ruby/3.1.0/gems/nokogiri-1.18.10/ports/i386-mingw32/libxslt/1.1.43/lib/libexslt.a -lm -lbcrypt -lws2_32 -liconv -lz G:/GithubBlog/kanji-jp/vendor/bundle/ruby/3.1.0/gems/nokogiri-1.18.10/ports/i386-mingw32/libxml2/2.13.9/lib/libxml2.a G:/GithubBlog/kanji-jp/vendor/bundle/ruby/3.1.0/gems/nokogiri-1.18.10/ports/i386-mingw32/libxslt/1.1.43/lib/libxslt.a -lbcrypt -lws2_32 -lm -liconv -lz G:/GithubBlog/kanji-jp/vendor/bundle/ruby/3.1.0/gems/nokogiri-1.18.10/ports/i386-mingw32/libxml2/2.13.9/lib/libxml2.a -liconv -lz G:/GithubBlog/kanji-jp/vendor/bundle/ruby/3.1.0/gems/nokogiri-1.18.10/ext/nokogiri/ports/i386-mingw32/libgumbo/1.0.0-nokogiri/lib/libgumbo.a -lmsvcrt-ruby310 G:/GithubBlog/kanji-jp/vendor/bundle/ruby/3.1.0/gems/nokogiri-1.18.10/ports/i386-mingw32/libxslt/1.1.43/lib/libexslt.a -lm -lbcrypt -lws2_32 -liconv -lz G:/GithubBlog/kanji-jp/vendor/bundle/ruby/3.1.0/gems/nokogiri-1.18.10/ports/i386-mingw32/libxml2/2.13.9/lib/libxml2.a G:/GithubBlog/kanji-jp/vendor/bundle/ruby/3.1.0/gems/nokogiri-1.18.10/ports/i386-mingw32/libxslt/1.1.43/lib/libxslt.a -lbcrypt -lws2_32 -lm -liconv -lz G:/GithubBlog/kanji-jp/vendor/bundle/ruby/3.1.0/gems/nokogiri-1.18.10/ports/i386-mingw32/libxml2/2.13.9/lib/libxml2.a -liconv -lz G:/GithubBlog/kanji-jp/vendor/bundle/ruby/3.1.0/gems/nokogiri-1.18.10/ext/nokogiri/ports/i386-mingw32/libgumbo/1.0.0-nokogiri/lib/libgumbo.a -lshell32 -lws2_32 -liphlpapi -limagehlp -lshlwapi -lbcrypt  "
conftest.c: In function 't':
conftest.c:17:57: error: 'xmlSwitchEncodingName' undeclared (first use in this function)
   17 | int t(void) { void ((*volatile p)()); p = (void ((*)()))xmlSwitchEncodingName; return !p; }
      |                                                         ^~~~~~~~~~~~~~~~~~~~~
conftest.c:17:57: note: each undeclared identifier is reported only once for each function it appears in
checked program was:
/* begin */
 1: #include "ruby.h"
 2: 
 3: #include <winsock2.h>
 4: #include <windows.h>
 5: 
 6: /*top*/
 7: extern int t(void);
 8: int main(int argc, char **argv)
 9: {
10:   if (argc > 1000000) {
11:     int (* volatile tp)(void)=(int (*)(void))&t;
12:     printf("%d", (*tp)());
13:   }
14: 
15:   return !!argv[argc];
16: }
17: int t(void) { void ((*volatile p)()); p = (void ((*)()))xmlSwitchEncodingName; return !p; }
/* end */

PATH=".;C:/Ruby31/lib;G:\GithubBlog\kanji-jp\vendor\bundle\ruby\3.1.0\gems\nokogiri-1.18.10\ports\i386-mingw32\libxslt\1.1.43\bin;G:\GithubBlog\kanji-jp\vendor\bundle\ruby\3.1.0\gems\nokogiri-1.18.10\ports\i386-mingw32\libxml2\2.13.9\bin;G:\GithubBlog\kanji-jp\vendor\bundle\ruby\3.1.0\gems\nokogiri-1.18.10\ports\i386-mingw32\libiconv\1.18\bin;C:\Ruby31\bin;C:\Ruby31\msys32\mingw32\bin;C:\Ruby31\msys32\usr\bin;c:\program files\imagemagick-7.1.0-q16-hdri;c:\program files\nvidia gpu computing toolkit\cuda\v11.3\bin;c:\program files\nvidia gpu computing toolkit\cuda\v11.3\libnvvp;c:\program files\common files\oracle\java\javapath;c:\windows\system32;c:\windows;c:\windows\system32\wbem;c:\windows\system32\windowspowershell\v1.0\;c:\windows\system32\openssh\;c:\program files\bandizip\;c:\program files\git\cmd;c:\program files\nvidia corporation\nsight compute 2021.1.0\;c:\program files\matlab\r2022a\runtime\win64;c:\program files\matlab\r2022a\bin;c:\program files (x86)\gs\gs9.56.1\bin;c:\program files\dotnet\;c:\program files\mingw64\bin;c:\users\pyohy\appdata\local\programs\cursor\resources\app\bin;c:\program files\nvidia corporation\nvidia app\nvdlisr;C:\Program Files (x86)\NVIDIA Corporation\PhysX\Common;C:\python;C:\python\Scripts;G:\poppler-24.08.0;G:\poppler-24.08.0\Library\bin;C:\Program Files\Mullvad VPN\resources;C:\WINDOWS\system32;C:\WINDOWS;C:\WINDOWS\System32\Wbem;C:\WINDOWS\System32\WindowsPowerShell\v1.0\;C:\WINDOWS\System32\OpenSSH\;C:\python\Scripts\;C:\python\;C:\Ruby31\bin;C:\Users\pyohy\AppData\Local\Microsoft\WindowsApps;C:\Users\pyohy\AppData\Local\Programs\Microsoft VS Code\bin;C:\texlive\2022\bin\win32;C:\Users\pyohy\.dotnet\tools;C:\Users\pyohy\AppData\Local\Programs\cursor\resources\app\bin;" "gcc -o conftest.exe -IC:/Ruby31/include/ruby-3.1.0/i386-mingw32 -IC:/Ruby31/include/ruby-3.1.0/ruby/backward -IC:/Ruby31/include/ruby-3.1.0 -I. -IG:/GithubBlog/kanji-jp/vendor/bundle/ruby/3.1.0/gems/nokogiri-1.18.10/ports/i386-mingw32/libxml2/2.13.9/include/libxml2 -IG:/GithubBlog/kanji-jp/vendor/bundle/ruby/3.1.0/gems/nokogiri-1.18.10/ports/i386-mingw32/libiconv/1.18/include -DLIBXML_STATIC -DLIBXSLT_STATIC -DLIBEXSLT_STATIC -IG:/GithubBlog/kanji-jp/vendor/bundle/ruby/3.1.0/gems/nokogiri-1.18.10/ports/i386-mingw32/libxslt/1.1.43/include -IG:/GithubBlog/kanji-jp/vendor/bundle/ruby/3.1.0/gems/nokogiri-1.18.10/ports/i386-mingw32/libxml2/2.13.9/include/libxml2 -IG:/GithubBlog/kanji-jp/vendor/bundle/ruby/3.1.0/gems/nokogiri-1.18.10/ports/i386-mingw32/libiconv/1.18/include -DLIBXML_STATIC -D__USE_MINGW_ANSI_STDIO=1 -DFD_SETSIZE=2048 -D_WIN32_WINNT=0x0600 -D__MINGW_USE_VC2005_COMPAT -D_FILE_OFFSET_BITS=64   "-Idummypath" -IG:/GithubBlog/kanji-jp/vendor/bundle/ruby/3.1.0/gems/nokogiri-1.18.10/ports/i386-mingw32/zlib/1.3.1/include -IG:/GithubBlog/kanji-jp/vendor/bundle/ruby/3.1.0/gems/nokogiri-1.18.10/ports/i386-mingw32/libiconv/1.18/include -DNOKOGIRI_PACKAGED_LIBRARIES -DNOKOGIRI_LIBXML2_PATCHES="\"0001-Remove-script-macro-support.patch 0002-Update-entities-to-remove-handling-of-ssi.patch 0009-allow-wildcard-namespaces.patch 0010-update-config.guess-and-config.sub-for-libxml2.patch 0011-rip-out-libxml2-s-libc_single_threaded-support.patch 0019-xpath-Use-separate-static-hash-table-for-standard-fu.patch\"" -DNOKOGIRI_LIBXSLT_PATCHES="\"0001-update-config.guess-and-config.sub-for-libxslt.patch\"" -IG:/GithubBlog/kanji-jp/vendor/bundle/ruby/3.1.0/gems/nokogiri-1.18.10/ext/nokogiri/ports/i386-mingw32/libgumbo/1.0.0-nokogiri/include -O3 -fno-fast-math -fstack-protector-strong -std=c99 -Wno-declaration-after-statement -O2 -g -Winline -Wmissing-noreturn conftest.c  -L. -LC:/Ruby31/lib -LG:/GithubBlog/kanji-jp/vendor/bundle/ruby/3.1.0/gems/nokogiri-1.18.10/ports/i386-mingw32/libiconv/1.18/lib -LG:/GithubBlog/kanji-jp/vendor/bundle/ruby/3.1.0/gems/nokogiri-1.18.10/ports/i386-mingw32/zlib/1.3.1/lib -LG:/GithubBlog/kanji-jp/vendor/bundle/ruby/3.1.0/gems/nokogiri-1.18.10/ports/i386-mingw32/libxml2/2.13.9/lib -LG:/GithubBlog/kanji-jp/vendor/bundle/ruby/3.1.0/gems/nokogiri-1.18.10/ports/i386-mingw32/libxslt/1.1.43/lib -LG:/GithubBlog/kanji-jp/vendor/bundle/ruby/3.1.0/gems/nokogiri-1.18.10/ext/nokogiri/ports/i386-mingw32/libgumbo/1.0.0-nokogiri/lib -L. -pipe -s -fstack-protector-strong -Wl,--no-as-needed    G:/GithubBlog/kanji-jp/vendor/bundle/ruby/3.1.0/gems/nokogiri-1.18.10/ports/i386-mingw32/libxslt/1.1.43/lib/libexslt.a -lm -lbcrypt -lws2_32 -liconv -lz G:/GithubBlog/kanji-jp/vendor/bundle/ruby/3.1.0/gems/nokogiri-1.18.10/ports/i386-mingw32/libxml2/2.13.9/lib/libxml2.a G:/GithubBlog/kanji-jp/vendor/bundle/ruby/3.1.0/gems/nokogiri-1.18.10/ports/i386-mingw32/libxslt/1.1.43/lib/libxslt.a -lbcrypt -lws2_32 -lm -liconv -lz G:/GithubBlog/kanji-jp/vendor/bundle/ruby/3.1.0/gems/nokogiri-1.18.10/ports/i386-mingw32/libxml2/2.13.9/lib/libxml2.a -liconv -lz G:/GithubBlog/kanji-jp/vendor/bundle/ruby/3.1.0/gems/nokogiri-1.18.10/ext/nokogiri/ports/i386-mingw32/libgumbo/1.0.0-nokogiri/lib/libgumbo.a -lmsvcrt-ruby310 G:/GithubBlog/kanji-jp/vendor/bundle/ruby/3.1.0/gems/nokogiri-1.18.10/ports/i386-mingw32/libxslt/1.1.43/lib/libexslt.a -lm -lbcrypt -lws2_32 -liconv -lz G:/GithubBlog/kanji-jp/vendor/bundle/ruby/3.1.0/gems/nokogiri-1.18.10/ports/i386-mingw32/libxml2/2.13.9/lib/libxml2.a G:/GithubBlog/kanji-jp/vendor/bundle/ruby/3.1.0/gems/nokogiri-1.18.10/ports/i386-mingw32/libxslt/1.1.43/lib/libxslt.a -lbcrypt -lws2_32 -lm -liconv -lz G:/GithubBlog/kanji-jp/vendor/bundle/ruby/3.1.0/gems/nokogiri-1.18.10/ports/i386-mingw32/libxml2/2.13.9/lib/libxml2.a -liconv -lz G:/GithubBlog/kanji-jp/vendor/bundle/ruby/3.1.0/gems/nokogiri-1.18.10/ext/nokogiri/ports/i386-mingw32/libgumbo/1.0.0-nokogiri/lib/libgumbo.a -lshell32 -lws2_32 -liphlpapi -limagehlp -lshlwapi -lbcrypt  "
checked program was:
/* begin */
 1: #include "ruby.h"
 2: 
 3: #include <winsock2.h>
 4: #include <windows.h>
 5: 
 6: /*top*/
 7: extern int t(void);
 8: int main(int argc, char **argv)
 9: {
10:   if (argc > 1000000) {
11:     int (* volatile tp)(void)=(int (*)(void))&t;
12:     printf("%d", (*tp)());
13:   }
14: 
15:   return !!argv[argc];
16: }
17: extern void xmlSwitchEncodingName();
18: int t(void) { xmlSwitchEncodingName(); return 0; }
/* end */

--------------------

have_func: checking for rb_category_warning()... -------------------- yes

PATH=".;C:/Ruby31/lib;G:\GithubBlog\kanji-jp\vendor\bundle\ruby\3.1.0\gems\nokogiri-1.18.10\ports\i386-mingw32\libxslt\1.1.43\bin;G:\GithubBlog\kanji-jp\vendor\bundle\ruby\3.1.0\gems\nokogiri-1.18.10\ports\i386-mingw32\libxml2\2.13.9\bin;G:\GithubBlog\kanji-jp\vendor\bundle\ruby\3.1.0\gems\nokogiri-1.18.10\ports\i386-mingw32\libiconv\1.18\bin;C:\Ruby31\bin;C:\Ruby31\msys32\mingw32\bin;C:\Ruby31\msys32\usr\bin;c:\program files\imagemagick-7.1.0-q16-hdri;c:\program files\nvidia gpu computing toolkit\cuda\v11.3\bin;c:\program files\nvidia gpu computing toolkit\cuda\v11.3\libnvvp;c:\program files\common files\oracle\java\javapath;c:\windows\system32;c:\windows;c:\windows\system32\wbem;c:\windows\system32\windowspowershell\v1.0\;c:\windows\system32\openssh\;c:\program files\bandizip\;c:\program files\git\cmd;c:\program files\nvidia corporation\nsight compute 2021.1.0\;c:\program files\matlab\r2022a\runtime\win64;c:\program files\matlab\r2022a\bin;c:\program files (x86)\gs\gs9.56.1\bin;c:\program files\dotnet\;c:\program files\mingw64\bin;c:\users\pyohy\appdata\local\programs\cursor\resources\app\bin;c:\program files\nvidia corporation\nvidia app\nvdlisr;C:\Program Files (x86)\NVIDIA Corporation\PhysX\Common;C:\python;C:\python\Scripts;G:\poppler-24.08.0;G:\poppler-24.08.0\Library\bin;C:\Program Files\Mullvad VPN\resources;C:\WINDOWS\system32;C:\WINDOWS;C:\WINDOWS\System32\Wbem;C:\WINDOWS\System32\WindowsPowerShell\v1.0\;C:\WINDOWS\System32\OpenSSH\;C:\python\Scripts\;C:\python\;C:\Ruby31\bin;C:\Users\pyohy\AppData\Local\Microsoft\WindowsApps;C:\Users\pyohy\AppData\Local\Programs\Microsoft VS Code\bin;C:\texlive\2022\bin\win32;C:\Users\pyohy\.dotnet\tools;C:\Users\pyohy\AppData\Local\Programs\cursor\resources\app\bin;" "gcc -o conftest.exe -IC:/Ruby31/include/ruby-3.1.0/i386-mingw32 -IC:/Ruby31/include/ruby-3.1.0/ruby/backward -IC:/Ruby31/include/ruby-3.1.0 -I. -IG:/GithubBlog/kanji-jp/vendor/bundle/ruby/3.1.0/gems/nokogiri-1.18.10/ports/i386-mingw32/libxml2/2.13.9/include/libxml2 -IG:/GithubBlog/kanji-jp/vendor/bundle/ruby/3.1.0/gems/nokogiri-1.18.10/ports/i386-mingw32/libiconv/1.18/include -DLIBXML_STATIC -DLIBXSLT_STATIC -DLIBEXSLT_STATIC -IG:/GithubBlog/kanji-jp/vendor/bundle/ruby/3.1.0/gems/nokogiri-1.18.10/ports/i386-mingw32/libxslt/1.1.43/include -IG:/GithubBlog/kanji-jp/vendor/bundle/ruby/3.1.0/gems/nokogiri-1.18.10/ports/i386-mingw32/libxml2/2.13.9/include/libxml2 -IG:/GithubBlog/kanji-jp/vendor/bundle/ruby/3.1.0/gems/nokogiri-1.18.10/ports/i386-mingw32/libiconv/1.18/include -DLIBXML_STATIC -D__USE_MINGW_ANSI_STDIO=1 -DFD_SETSIZE=2048 -D_WIN32_WINNT=0x0600 -D__MINGW_USE_VC2005_COMPAT -D_FILE_OFFSET_BITS=64   "-Idummypath" -IG:/GithubBlog/kanji-jp/vendor/bundle/ruby/3.1.0/gems/nokogiri-1.18.10/ports/i386-mingw32/zlib/1.3.1/include -IG:/GithubBlog/kanji-jp/vendor/bundle/ruby/3.1.0/gems/nokogiri-1.18.10/ports/i386-mingw32/libiconv/1.18/include -DNOKOGIRI_PACKAGED_LIBRARIES -DNOKOGIRI_LIBXML2_PATCHES="\"0001-Remove-script-macro-support.patch 0002-Update-entities-to-remove-handling-of-ssi.patch 0009-allow-wildcard-namespaces.patch 0010-update-config.guess-and-config.sub-for-libxml2.patch 0011-rip-out-libxml2-s-libc_single_threaded-support.patch 0019-xpath-Use-separate-static-hash-table-for-standard-fu.patch\"" -DNOKOGIRI_LIBXSLT_PATCHES="\"0001-update-config.guess-and-config.sub-for-libxslt.patch\"" -IG:/GithubBlog/kanji-jp/vendor/bundle/ruby/3.1.0/gems/nokogiri-1.18.10/ext/nokogiri/ports/i386-mingw32/libgumbo/1.0.0-nokogiri/include -O3 -fno-fast-math -fstack-protector-strong -std=c99 -Wno-declaration-after-statement -O2 -g -Winline -Wmissing-noreturn conftest.c  -L. -LC:/Ruby31/lib -LG:/GithubBlog/kanji-jp/vendor/bundle/ruby/3.1.0/gems/nokogiri-1.18.10/ports/i386-mingw32/libiconv/1.18/lib -LG:/GithubBlog/kanji-jp/vendor/bundle/ruby/3.1.0/gems/nokogiri-1.18.10/ports/i386-mingw32/zlib/1.3.1/lib -LG:/GithubBlog/kanji-jp/vendor/bundle/ruby/3.1.0/gems/nokogiri-1.18.10/ports/i386-mingw32/libxml2/2.13.9/lib -LG:/GithubBlog/kanji-jp/vendor/bundle/ruby/3.1.0/gems/nokogiri-1.18.10/ports/i386-mingw32/libxslt/1.1.43/lib -LG:/GithubBlog/kanji-jp/vendor/bundle/ruby/3.1.0/gems/nokogiri-1.18.10/ext/nokogiri/ports/i386-mingw32/libgumbo/1.0.0-nokogiri/lib -L. -pipe -s -fstack-protector-strong -Wl,--no-as-needed    G:/GithubBlog/kanji-jp/vendor/bundle/ruby/3.1.0/gems/nokogiri-1.18.10/ports/i386-mingw32/libxslt/1.1.43/lib/libexslt.a -lm -lbcrypt -lws2_32 -liconv -lz G:/GithubBlog/kanji-jp/vendor/bundle/ruby/3.1.0/gems/nokogiri-1.18.10/ports/i386-mingw32/libxml2/2.13.9/lib/libxml2.a G:/GithubBlog/kanji-jp/vendor/bundle/ruby/3.1.0/gems/nokogiri-1.18.10/ports/i386-mingw32/libxslt/1.1.43/lib/libxslt.a -lbcrypt -lws2_32 -lm -liconv -lz G:/GithubBlog/kanji-jp/vendor/bundle/ruby/3.1.0/gems/nokogiri-1.18.10/ports/i386-mingw32/libxml2/2.13.9/lib/libxml2.a -liconv -lz G:/GithubBlog/kanji-jp/vendor/bundle/ruby/3.1.0/gems/nokogiri-1.18.10/ext/nokogiri/ports/i386-mingw32/libgumbo/1.0.0-nokogiri/lib/libgumbo.a -lmsvcrt-ruby310 G:/GithubBlog/kanji-jp/vendor/bundle/ruby/3.1.0/gems/nokogiri-1.18.10/ports/i386-mingw32/libxslt/1.1.43/lib/libexslt.a -lm -lbcrypt -lws2_32 -liconv -lz G:/GithubBlog/kanji-jp/vendor/bundle/ruby/3.1.0/gems/nokogiri-1.18.10/ports/i386-mingw32/libxml2/2.13.9/lib/libxml2.a G:/GithubBlog/kanji-jp/vendor/bundle/ruby/3.1.0/gems/nokogiri-1.18.10/ports/i386-mingw32/libxslt/1.1.43/lib/libxslt.a -lbcrypt -lws2_32 -lm -liconv -lz G:/GithubBlog/kanji-jp/vendor/bundle/ruby/3.1.0/gems/nokogiri-1.18.10/ports/i386-mingw32/libxml2/2.13.9/lib/libxml2.a -liconv -lz G:/GithubBlog/kanji-jp/vendor/bundle/ruby/3.1.0/gems/nokogiri-1.18.10/ext/nokogiri/ports/i386-mingw32/libgumbo/1.0.0-nokogiri/lib/libgumbo.a -lshell32 -lws2_32 -liphlpapi -limagehlp -lshlwapi -lbcrypt  "
checked program was:
/* begin */
 1: #include "ruby.h"
 2: 
 3: #include <winsock2.h>
 4: #include <windows.h>
 5: 
 6: /*top*/
 7: extern int t(void);
 8: int main(int argc, char **argv)
 9: {
10:   if (argc > 1000000) {
11:     int (* volatile tp)(void)=(int (*)(void))&t;
12:     printf("%d", (*tp)());
13:   }
14: 
15:   return !!argv[argc];
16: }
17: int t(void) { void ((*volatile p)()); p = (void ((*)()))rb_category_warning; return !p; }
/* end */

--------------------

block in append_cppflags: checking for whether -DNOKOGIRI_OTHER_LIBRARY_VERSIONS="\"zlib:1.3.1,libiconv:1.18,libgumbo:1.0.0-nokogiri\"" is accepted as CPPFLAGS... -------------------- yes

PATH=".;C:/Ruby31/lib;G:\GithubBlog\kanji-jp\vendor\bundle\ruby\3.1.0\gems\nokogiri-1.18.10\ports\i386-mingw32\libxslt\1.1.43\bin;G:\GithubBlog\kanji-jp\vendor\bundle\ruby\3.1.0\gems\nokogiri-1.18.10\ports\i386-mingw32\libxml2\2.13.9\bin;G:\GithubBlog\kanji-jp\vendor\bundle\ruby\3.1.0\gems\nokogiri-1.18.10\ports\i386-mingw32\libiconv\1.18\bin;C:\Ruby31\bin;C:\Ruby31\msys32\mingw32\bin;C:\Ruby31\msys32\usr\bin;c:\program files\imagemagick-7.1.0-q16-hdri;c:\program files\nvidia gpu computing toolkit\cuda\v11.3\bin;c:\program files\nvidia gpu computing toolkit\cuda\v11.3\libnvvp;c:\program files\common files\oracle\java\javapath;c:\windows\system32;c:\windows;c:\windows\system32\wbem;c:\windows\system32\windowspowershell\v1.0\;c:\windows\system32\openssh\;c:\program files\bandizip\;c:\program files\git\cmd;c:\program files\nvidia corporation\nsight compute 2021.1.0\;c:\program files\matlab\r2022a\runtime\win64;c:\program files\matlab\r2022a\bin;c:\program files (x86)\gs\gs9.56.1\bin;c:\program files\dotnet\;c:\program files\mingw64\bin;c:\users\pyohy\appdata\local\programs\cursor\resources\app\bin;c:\program files\nvidia corporation\nvidia app\nvdlisr;C:\Program Files (x86)\NVIDIA Corporation\PhysX\Common;C:\python;C:\python\Scripts;G:\poppler-24.08.0;G:\poppler-24.08.0\Library\bin;C:\Program Files\Mullvad VPN\resources;C:\WINDOWS\system32;C:\WINDOWS;C:\WINDOWS\System32\Wbem;C:\WINDOWS\System32\WindowsPowerShell\v1.0\;C:\WINDOWS\System32\OpenSSH\;C:\python\Scripts\;C:\python\;C:\Ruby31\bin;C:\Users\pyohy\AppData\Local\Microsoft\WindowsApps;C:\Users\pyohy\AppData\Local\Programs\Microsoft VS Code\bin;C:\texlive\2022\bin\win32;C:\Users\pyohy\.dotnet\tools;C:\Users\pyohy\AppData\Local\Programs\cursor\resources\app\bin;" "gcc -IC:/Ruby31/include/ruby-3.1.0/i386-mingw32 -IC:/Ruby31/include/ruby-3.1.0/ruby/backward -IC:/Ruby31/include/ruby-3.1.0 -I. -IG:/GithubBlog/kanji-jp/vendor/bundle/ruby/3.1.0/gems/nokogiri-1.18.10/ports/i386-mingw32/libxml2/2.13.9/include/libxml2 -IG:/GithubBlog/kanji-jp/vendor/bundle/ruby/3.1.0/gems/nokogiri-1.18.10/ports/i386-mingw32/libiconv/1.18/include -DLIBXML_STATIC -DLIBXSLT_STATIC -DLIBEXSLT_STATIC -IG:/GithubBlog/kanji-jp/vendor/bundle/ruby/3.1.0/gems/nokogiri-1.18.10/ports/i386-mingw32/libxslt/1.1.43/include -IG:/GithubBlog/kanji-jp/vendor/bundle/ruby/3.1.0/gems/nokogiri-1.18.10/ports/i386-mingw32/libxml2/2.13.9/include/libxml2 -IG:/GithubBlog/kanji-jp/vendor/bundle/ruby/3.1.0/gems/nokogiri-1.18.10/ports/i386-mingw32/libiconv/1.18/include -DLIBXML_STATIC -D__USE_MINGW_ANSI_STDIO=1 -DFD_SETSIZE=2048 -D_WIN32_WINNT=0x0600 -D__MINGW_USE_VC2005_COMPAT -D_FILE_OFFSET_BITS=64   "-Idummypath" -IG:/GithubBlog/kanji-jp/vendor/bundle/ruby/3.1.0/gems/nokogiri-1.18.10/ports/i386-mingw32/zlib/1.3.1/include -IG:/GithubBlog/kanji-jp/vendor/bundle/ruby/3.1.0/gems/nokogiri-1.18.10/ports/i386-mingw32/libiconv/1.18/include -DNOKOGIRI_PACKAGED_LIBRARIES -DNOKOGIRI_LIBXML2_PATCHES="\"0001-Remove-script-macro-support.patch 0002-Update-entities-to-remove-handling-of-ssi.patch 0009-allow-wildcard-namespaces.patch 0010-update-config.guess-and-config.sub-for-libxml2.patch 0011-rip-out-libxml2-s-libc_single_threaded-support.patch 0019-xpath-Use-separate-static-hash-table-for-standard-fu.patch\"" -DNOKOGIRI_LIBXSLT_PATCHES="\"0001-update-config.guess-and-config.sub-for-libxslt.patch\"" -IG:/GithubBlog/kanji-jp/vendor/bundle/ruby/3.1.0/gems/nokogiri-1.18.10/ext/nokogiri/ports/i386-mingw32/libgumbo/1.0.0-nokogiri/include -O3 -fno-fast-math -fstack-protector-strong -std=c99 -Wno-declaration-after-statement -O2 -g -Winline -Wmissing-noreturn  -DNOKOGIRI_OTHER_LIBRARY_VERSIONS="\"zlib:1.3.1,libiconv:1.18,libgumbo:1.0.0-nokogiri\"" -Werror -c conftest.c"
checked program was:
/* begin */
1: #include "ruby.h"
2: 
3: #include <winsock2.h>
4: #include <windows.h>
5: int main(int argc, char **argv)
6: {
7:   return !!argv[argc];
8: }
/* end */

--------------------

